B.32	Q0	21510620	1	0.5	Run_0
B.32	Q0	14830110	2	0.5	Run_0
B.32	Q0	6642225	3	0.4995	Run_0
B.32	Q0	22285666	4	0.499	Run_0
B.32	Q0	633989	5	0.4985	Run_0
B.32	Q0	19880488	6	0.4985	Run_0
B.32	Q0	2034535	7	0.498	Run_0
B.32	Q0	26248420	8	0.4975	Run_0
B.32	Q0	22873204	9	0.4975	Run_0
B.32	Q0	23328752	10	0.497	Run_0
B.32	Q0	11033136	11	0.4965	Run_0
B.32	Q0	4121420	12	0.496	Run_0
B.32	Q0	25190437	13	0.4955	Run_0
B.32	Q0	20472982	14	0.4955	Run_0
B.32	Q0	26155023	15	0.495	Run_0
B.32	Q0	9687111	16	0.4945	Run_0
B.32	Q0	26155024	17	0.4945	Run_0
B.32	Q0	11452767	18	0.494	Run_0
B.32	Q0	22737729	19	0.4935	Run_0
B.32	Q0	18190206	20	0.493	Run_0
B.32	Q0	10611059	21	0.4925	Run_0
B.32	Q0	12207118	22	0.492	Run_0
B.32	Q0	9635925	23	0.4915	Run_0
B.32	Q0	22036788	24	0.4915	Run_0
B.32	Q0	5312198	25	0.491	Run_0
B.32	Q0	19359333	26	0.491	Run_0
B.32	Q0	10868874	27	0.4905	Run_0
B.32	Q0	28282294	28	0.49	Run_0
B.32	Q0	7464987	29	0.4895	Run_0
B.32	Q0	17892549	30	0.489	Run_0
B.32	Q0	22040980	31	0.4885	Run_0
B.32	Q0	24626058	32	0.488	Run_0
B.32	Q0	22040975	33	0.488	Run_0
B.32	Q0	6999928	34	0.482	Run_0
B.32	Q0	7201171	35	0.476	Run_0
B.32	Q0	12510584	36	0.4725	Run_0
B.32	Q0	16401255	37	0.467	Run_0
B.32	Q0	24488447	38	0.466	Run_0
B.32	Q0	210199	39	0.459	Run_0
B.32	Q0	13674782	40	0.446	Run_0
B.32	Q0	1163490	41	0.4445	Run_0
B.32	Q0	12811773	42	0.444	Run_0
B.32	Q0	10447808	43	0.4365	Run_0
B.32	Q0	3413135	44	0.436	Run_0
B.32	Q0	27902277	45	0.432	Run_0
B.32	Q0	3419488	46	0.429	Run_0
B.32	Q0	26000844	47	0.4275	Run_0
B.32	Q0	26000847	48	0.4255	Run_0
B.32	Q0	25611365	49	0.41	Run_0
B.32	Q0	21775662	50	0.405	Run_0
B.32	Q0	25536579	51	0.2925	Run_0
B.65	Q0	4807098	1	0.8665	Run_0
B.65	Q0	14733117	2	0.594	Run_0
B.65	Q0	2503682	3	0.5	Run_0
B.65	Q0	18833276	4	0.5	Run_0
B.65	Q0	3752008	5	0.4995	Run_0
B.65	Q0	2503684	6	0.4995	Run_0
B.65	Q0	8215554	7	0.499	Run_0
B.65	Q0	27955364	8	0.499	Run_0
B.65	Q0	27085654	9	0.4985	Run_0
B.65	Q0	20196583	10	0.4985	Run_0
B.65	Q0	5673236	11	0.498	Run_0
B.65	Q0	18352554	12	0.498	Run_0
B.65	Q0	25877266	13	0.4975	Run_0
B.65	Q0	18631872	14	0.4975	Run_0
B.65	Q0	26199233	15	0.497	Run_0
B.65	Q0	21802247	16	0.497	Run_0
B.65	Q0	26966635	17	0.4965	Run_0
B.65	Q0	13381089	18	0.4965	Run_0
B.65	Q0	19622586	19	0.496	Run_0
B.65	Q0	10005534	20	0.496	Run_0
B.65	Q0	7781158	21	0.4955	Run_0
B.65	Q0	26222769	22	0.4955	Run_0
B.65	Q0	18248463	23	0.495	Run_0
B.65	Q0	11251143	24	0.495	Run_0
B.65	Q0	17296892	25	0.4945	Run_0
B.65	Q0	24317855	26	0.494	Run_0
B.65	Q0	22582204	27	0.494	Run_0
B.65	Q0	19604495	28	0.4935	Run_0
B.65	Q0	12862438	29	0.4935	Run_0
B.65	Q0	25543885	30	0.493	Run_0
B.65	Q0	25319965	31	0.493	Run_0
B.65	Q0	22713199	32	0.4925	Run_0
B.65	Q0	11383774	33	0.4925	Run_0
B.65	Q0	9963324	34	0.492	Run_0
B.65	Q0	3543917	35	0.492	Run_0
B.65	Q0	27425869	36	0.4915	Run_0
B.65	Q0	20973350	37	0.4915	Run_0
B.65	Q0	5211140	38	0.491	Run_0
B.65	Q0	5009628	39	0.491	Run_0
B.65	Q0	20171789	40	0.4905	Run_0
B.65	Q0	13098218	41	0.4905	Run_0
B.65	Q0	20253799	42	0.49	Run_0
B.65	Q0	10007968	43	0.49	Run_0
B.65	Q0	6703449	44	0.4895	Run_0
B.65	Q0	19198273	45	0.4895	Run_0
B.65	Q0	20060408	46	0.489	Run_0
B.65	Q0	18476674	47	0.489	Run_0
B.65	Q0	7781615	48	0.4885	Run_0
B.65	Q0	5507778	49	0.4885	Run_0
B.65	Q0	3878047	50	0.488	Run_0
B.65	Q0	13919558	51	0.488	Run_0
B.58	Q0	11721212	1	0.933	Run_0
B.58	Q0	15649836	2	0.8275	Run_0
B.58	Q0	2478015	3	0.763	Run_0
B.58	Q0	23380294	4	0.734	Run_0
B.58	Q0	12474070	5	0.7125	Run_0
B.58	Q0	16535388	6	0.6405	Run_0
B.58	Q0	22050088	7	0.628	Run_0
B.58	Q0	17567299	8	0.6125	Run_0
B.58	Q0	9861564	9	0.579	Run_0
B.58	Q0	3987384	10	0.5	Run_0
B.58	Q0	20869222	11	0.5	Run_0
B.58	Q0	24152489	12	0.4995	Run_0
B.58	Q0	19726082	13	0.4995	Run_0
B.58	Q0	3774273	14	0.499	Run_0
B.58	Q0	1891105	15	0.499	Run_0
B.58	Q0	25317550	16	0.4985	Run_0
B.58	Q0	12967378	17	0.4985	Run_0
B.58	Q0	23347212	18	0.498	Run_0
B.58	Q0	10529983	19	0.498	Run_0
B.58	Q0	24152507	20	0.4975	Run_0
B.58	Q0	21250753	21	0.4975	Run_0
B.58	Q0	28191850	22	0.497	Run_0
B.58	Q0	10283588	23	0.497	Run_0
B.58	Q0	2437059	24	0.4965	Run_0
B.58	Q0	13988176	25	0.4965	Run_0
B.58	Q0	26288394	26	0.496	Run_0
B.58	Q0	20869219	27	0.496	Run_0
B.58	Q0	7781009	28	0.4955	Run_0
B.58	Q0	24265080	29	0.4955	Run_0
B.58	Q0	19118618	30	0.495	Run_0
B.58	Q0	10782482	31	0.495	Run_0
B.58	Q0	18629775	32	0.4945	Run_0
B.58	Q0	11263006	33	0.4945	Run_0
B.58	Q0	2538944	34	0.494	Run_0
B.58	Q0	11298325	35	0.494	Run_0
B.58	Q0	8862764	36	0.4935	Run_0
B.58	Q0	6928429	37	0.4935	Run_0
B.58	Q0	20671516	38	0.493	Run_0
B.58	Q0	19410277	39	0.493	Run_0
B.58	Q0	2538942	40	0.4925	Run_0
B.58	Q0	112828	41	0.4925	Run_0
B.58	Q0	5749117	42	0.492	Run_0
B.58	Q0	16905492	43	0.492	Run_0
B.58	Q0	2142977	44	0.4915	Run_0
B.58	Q0	19904299	45	0.4915	Run_0
B.58	Q0	12128870	46	0.491	Run_0
B.58	Q0	10492735	47	0.491	Run_0
B.58	Q0	18249551	48	0.4905	Run_0
B.58	Q0	14756628	49	0.4905	Run_0
B.58	Q0	26282497	50	0.49	Run_0
B.58	Q0	19841097	51	0.49	Run_0
B.58	Q0	28232815	52	0.4895	Run_0
B.58	Q0	18461334	53	0.4895	Run_0
B.58	Q0	23367245	54	0.489	Run_0
B.58	Q0	10942966	55	0.489	Run_0
B.58	Q0	9066260	56	0.4885	Run_0
B.58	Q0	20751352	57	0.4885	Run_0
B.58	Q0	20511188	58	0.488	Run_0
B.58	Q0	17879693	59	0.488	Run_0
B.58	Q0	16347875	60	0.4865	Run_0
B.58	Q0	3867811	61	0.4805	Run_0
B.58	Q0	24152510	62	0.461	Run_0
B.58	Q0	19623562	63	0.4235	Run_0
B.53	Q0	10216527	1	0.8565	Run_0
B.53	Q0	14935642	2	0.7835	Run_0
B.53	Q0	25894999	3	0.762	Run_0
B.53	Q0	4319288	4	0.709	Run_0
B.53	Q0	18514511	5	0.649	Run_0
B.53	Q0	13110942	6	0.636	Run_0
B.53	Q0	8222816	7	0.56	Run_0
B.53	Q0	9268354	8	0.5265	Run_0
B.53	Q0	10557639	9	0.5265	Run_0
B.53	Q0	16283204	10	0.5	Run_0
B.53	Q0	15018654	11	0.5	Run_0
B.53	Q0	5155438	12	0.4995	Run_0
B.53	Q0	10167288	13	0.4995	Run_0
B.53	Q0	17256822	14	0.499	Run_0
B.53	Q0	11634128	15	0.499	Run_0
B.53	Q0	5833781	16	0.4985	Run_0
B.53	Q0	27984911	17	0.4985	Run_0
B.53	Q0	27024027	18	0.498	Run_0
B.53	Q0	15164358	19	0.498	Run_0
B.53	Q0	5549091	20	0.4975	Run_0
B.53	Q0	11805326	21	0.4975	Run_0
B.53	Q0	21551423	22	0.497	Run_0
B.53	Q0	11737273	23	0.497	Run_0
B.53	Q0	13102046	24	0.4965	Run_0
B.53	Q0	19749953	25	0.496	Run_0
B.53	Q0	14622356	26	0.496	Run_0
B.53	Q0	25919838	27	0.4955	Run_0
B.53	Q0	19926917	28	0.4955	Run_0
B.53	Q0	15892598	29	0.495	Run_0
B.53	Q0	13092304	30	0.495	Run_0
B.53	Q0	27008012	31	0.4945	Run_0
B.53	Q0	10191150	32	0.4945	Run_0
B.53	Q0	5503632	33	0.494	Run_0
B.53	Q0	27169353	34	0.494	Run_0
B.53	Q0	5390028	35	0.4935	Run_0
B.53	Q0	18267894	36	0.4935	Run_0
B.53	Q0	20241803	37	0.493	Run_0
B.53	Q0	13971072	38	0.493	Run_0
B.53	Q0	28147084	39	0.4925	Run_0
B.53	Q0	23085339	40	0.4925	Run_0
B.53	Q0	24697378	41	0.492	Run_0
B.53	Q0	24535989	42	0.492	Run_0
B.53	Q0	23879707	43	0.4915	Run_0
B.53	Q0	15078809	44	0.4915	Run_0
B.53	Q0	4214269	45	0.491	Run_0
B.53	Q0	12727253	46	0.491	Run_0
B.53	Q0	26710767	47	0.4905	Run_0
B.53	Q0	11564965	48	0.4905	Run_0
B.53	Q0	4662024	49	0.49	Run_0
B.53	Q0	15683609	50	0.49	Run_0
B.53	Q0	12970487	51	0.4895	Run_0
B.53	Q0	11282594	52	0.4895	Run_0
B.53	Q0	4406521	53	0.489	Run_0
B.53	Q0	11201117	54	0.489	Run_0
B.53	Q0	24616170	55	0.4885	Run_0
B.53	Q0	15470588	56	0.4885	Run_0
B.53	Q0	26574216	57	0.488	Run_0
B.53	Q0	23170740	58	0.488	Run_0
B.53	Q0	12337087	59	0.48	Run_0
B.53	Q0	7758185	60	0.4555	Run_0
B.53	Q0	7593633	61	0.281	Run_0
B.52	Q0	3752008	1	0.5	Run_0
B.52	Q0	26621736	2	0.5	Run_0
B.52	Q0	1987368	3	0.4995	Run_0
B.52	Q0	13378745	4	0.4995	Run_0
B.52	Q0	16653	5	0.499	Run_0
B.52	Q0	11334285	6	0.499	Run_0
B.52	Q0	21748727	7	0.4985	Run_0
B.52	Q0	13443369	8	0.4985	Run_0
B.52	Q0	5556221	9	0.498	Run_0
B.52	Q0	20397146	10	0.498	Run_0
B.52	Q0	24287854	11	0.4975	Run_0
B.52	Q0	11538679	12	0.4975	Run_0
B.52	Q0	6136953	13	0.497	Run_0
B.52	Q0	5159731	14	0.497	Run_0
B.52	Q0	15351307	15	0.4965	Run_0
B.52	Q0	10167288	16	0.4965	Run_0
B.52	Q0	9525681	17	0.496	Run_0
B.52	Q0	20273102	18	0.496	Run_0
B.52	Q0	7639452	19	0.4955	Run_0
B.52	Q0	16336211	20	0.4955	Run_0
B.52	Q0	26650197	21	0.495	Run_0
B.52	Q0	25287254	22	0.495	Run_0
B.52	Q0	971928	23	0.4945	Run_0
B.52	Q0	11514797	24	0.4945	Run_0
B.52	Q0	22935890	25	0.494	Run_0
B.52	Q0	18754976	26	0.494	Run_0
B.52	Q0	23613249	27	0.4935	Run_0
B.52	Q0	1676873	28	0.4935	Run_0
B.52	Q0	20728202	29	0.493	Run_0
B.52	Q0	1320468	30	0.493	Run_0
B.52	Q0	25706587	31	0.4925	Run_0
B.52	Q0	13252164	32	0.4925	Run_0
B.52	Q0	2303747	33	0.492	Run_0
B.52	Q0	17595406	34	0.492	Run_0
B.52	Q0	9837769	35	0.4915	Run_0
B.52	Q0	1889874	36	0.4915	Run_0
B.52	Q0	17921389	37	0.491	Run_0
B.52	Q0	13241188	38	0.491	Run_0
B.52	Q0	4258708	39	0.4905	Run_0
B.52	Q0	27935137	40	0.4905	Run_0
B.52	Q0	862757	41	0.49	Run_0
B.52	Q0	15029349	42	0.49	Run_0
B.52	Q0	5736369	43	0.4895	Run_0
B.52	Q0	22934187	44	0.4895	Run_0
B.52	Q0	26962617	45	0.489	Run_0
B.52	Q0	3223830	46	0.4885	Run_0
B.52	Q0	26981859	47	0.4885	Run_0
B.52	Q0	3083864	48	0.488	Run_0
B.52	Q0	20606736	49	0.488	Run_0
B.52	Q0	21563827	50	0.4875	Run_0
B.52	Q0	7167003	51	0.364	Run_0
B.26	Q0	27942006	1	0.993	Run_0
B.26	Q0	1091924	2	0.9925	Run_0
B.26	Q0	16034529	3	0.9875	Run_0
B.26	Q0	16066071	4	0.9825	Run_0
B.26	Q0	19040191	5	0.9805	Run_0
B.26	Q0	20209745	6	0.974	Run_0
B.26	Q0	1091922	7	0.9735	Run_0
B.26	Q0	20209747	8	0.9735	Run_0
B.26	Q0	10569725	9	0.965	Run_0
B.26	Q0	21321894	10	0.96	Run_0
B.26	Q0	9626332	11	0.9525	Run_0
B.26	Q0	12917324	12	0.947	Run_0
B.26	Q0	14599837	13	0.943	Run_0
B.26	Q0	17934889	14	0.9395	Run_0
B.26	Q0	1091921	15	0.8975	Run_0
B.26	Q0	2986443	16	0.878	Run_0
B.26	Q0	5749388	17	0.873	Run_0
B.26	Q0	15609793	18	0.8705	Run_0
B.26	Q0	9519129	19	0.8635	Run_0
B.26	Q0	27850713	20	0.858	Run_0
B.26	Q0	22816221	21	0.831	Run_0
B.26	Q0	27942040	22	0.8255	Run_0
B.26	Q0	24814877	23	0.8245	Run_0
B.26	Q0	27243283	24	0.7995	Run_0
B.26	Q0	1105895	25	0.796	Run_0
B.26	Q0	3801312	26	0.727	Run_0
B.26	Q0	1476353	27	0.6225	Run_0
B.26	Q0	17304146	28	0.606	Run_0
B.26	Q0	68672	29	0.563	Run_0
B.26	Q0	24839420	30	0.557	Run_0
B.26	Q0	25894266	31	0.507	Run_0
B.26	Q0	10612240	32	0.502	Run_0
B.26	Q0	17162878	33	0.5	Run_0
B.26	Q0	25873251	34	0.4995	Run_0
B.26	Q0	20103646	35	0.499	Run_0
B.26	Q0	20013984	36	0.4985	Run_0
B.26	Q0	3921098	37	0.498	Run_0
B.26	Q0	15970055	38	0.497	Run_0
B.26	Q0	1525881	39	0.4965	Run_0
B.26	Q0	25543778	40	0.4945	Run_0
B.26	Q0	17448655	41	0.494	Run_0
B.26	Q0	18311460	42	0.4935	Run_0
B.26	Q0	4162902	43	0.493	Run_0
B.26	Q0	829992	44	0.4925	Run_0
B.26	Q0	16789880	45	0.492	Run_0
B.26	Q0	6192739	46	0.4915	Run_0
B.26	Q0	17140113	47	0.4915	Run_0
B.26	Q0	18877545	48	0.491	Run_0
B.26	Q0	9214662	49	0.4905	Run_0
B.26	Q0	10137988	50	0.4895	Run_0
B.26	Q0	1103240	51	0.4885	Run_0
B.26	Q0	10011630	52	0.4885	Run_0
B.26	Q0	14631421	53	0.488	Run_0
B.26	Q0	9519133	54	0.4815	Run_0
B.26	Q0	21530558	55	0.467	Run_0
B.26	Q0	13966802	56	0.3935	Run_0
B.26	Q0	18005834	57	0.3155	Run_0
B.26	Q0	7830976	58	0.257	Run_0
B.26	Q0	7487656	59	0.236	Run_0
B.90	Q0	29	1	0.5	Run_0
B.90	Q0	2531956	2	0.5	Run_0
B.90	Q0	26797667	3	0.4995	Run_0
B.90	Q0	28320697	4	0.499	Run_0
B.90	Q0	20397439	5	0.499	Run_0
B.90	Q0	28080676	6	0.4985	Run_0
B.90	Q0	13378745	7	0.4985	Run_0
B.90	Q0	3033315	8	0.498	Run_0
B.90	Q0	21844905	9	0.498	Run_0
B.90	Q0	26920561	10	0.4975	Run_0
B.90	Q0	15620205	11	0.4975	Run_0
B.90	Q0	21188310	12	0.497	Run_0
B.90	Q0	10039820	13	0.497	Run_0
B.90	Q0	6387635	14	0.4965	Run_0
B.90	Q0	3932490	15	0.4965	Run_0
B.90	Q0	1390465	16	0.496	Run_0
B.90	Q0	11453402	17	0.496	Run_0
B.90	Q0	21392279	18	0.4955	Run_0
B.90	Q0	1107379	19	0.4955	Run_0
B.90	Q0	5938392	20	0.495	Run_0
B.90	Q0	15328773	21	0.495	Run_0
B.90	Q0	26981859	22	0.4945	Run_0
B.90	Q0	20397146	23	0.4945	Run_0
B.90	Q0	21531750	24	0.494	Run_0
B.90	Q0	10114995	25	0.494	Run_0
B.90	Q0	8781646	26	0.4935	Run_0
B.90	Q0	16967732	27	0.4935	Run_0
B.90	Q0	3916749	28	0.493	Run_0
B.90	Q0	21269592	29	0.493	Run_0
B.90	Q0	25287254	30	0.4925	Run_0
B.90	Q0	14748839	31	0.4925	Run_0
B.90	Q0	25489001	32	0.492	Run_0
B.90	Q0	16088584	33	0.492	Run_0
B.90	Q0	5159731	34	0.4915	Run_0
B.90	Q0	10127765	35	0.4915	Run_0
B.90	Q0	25728051	36	0.491	Run_0
B.90	Q0	20496834	37	0.491	Run_0
B.90	Q0	3947289	38	0.4905	Run_0
B.90	Q0	10167288	39	0.4905	Run_0
B.90	Q0	19456885	40	0.49	Run_0
B.90	Q0	131166	41	0.49	Run_0
B.90	Q0	25153543	42	0.4895	Run_0
B.90	Q0	14516763	43	0.4895	Run_0
B.90	Q0	27069616	44	0.489	Run_0
B.90	Q0	10925892	45	0.489	Run_0
B.90	Q0	17927850	46	0.4885	Run_0
B.90	Q0	12093555	47	0.4885	Run_0
B.90	Q0	6238912	48	0.488	Run_0
B.90	Q0	27751415	49	0.488	Run_0
B.90	Q0	14869128	50	0.4875	Run_0
B.88	Q0	8	1	0.5	Run_0
B.88	Q0	12894310	2	0.5	Run_0
B.88	Q0	4750225	3	0.4995	Run_0
B.88	Q0	9862688	4	0.499	Run_0
B.88	Q0	105	5	0.499	Run_0
B.88	Q0	19832645	6	0.4985	Run_0
B.88	Q0	1082871	7	0.4985	Run_0
B.88	Q0	20304579	8	0.498	Run_0
B.88	Q0	19541523	9	0.498	Run_0
B.88	Q0	8053852	10	0.4975	Run_0
B.88	Q0	21093860	11	0.4975	Run_0
B.88	Q0	8263021	12	0.497	Run_0
B.88	Q0	1367889	13	0.497	Run_0
B.88	Q0	21891948	14	0.4965	Run_0
B.88	Q0	3240383	15	0.496	Run_0
B.88	Q0	11731344	16	0.496	Run_0
B.88	Q0	7617533	17	0.4955	Run_0
B.88	Q0	27980686	18	0.4955	Run_0
B.88	Q0	3583131	19	0.495	Run_0
B.88	Q0	21892201	20	0.495	Run_0
B.88	Q0	8017794	21	0.4945	Run_0
B.88	Q0	6624598	22	0.4945	Run_0
B.88	Q0	7514400	23	0.4935	Run_0
B.88	Q0	1082874	24	0.4935	Run_0
B.88	Q0	26802154	25	0.493	Run_0
B.88	Q0	10929285	26	0.493	Run_0
B.88	Q0	25492689	27	0.4925	Run_0
B.88	Q0	13723251	28	0.4925	Run_0
B.88	Q0	6574300	29	0.492	Run_0
B.88	Q0	1350598	30	0.492	Run_0
B.88	Q0	25724027	31	0.4915	Run_0
B.88	Q0	25179419	32	0.4915	Run_0
B.88	Q0	24127563	33	0.491	Run_0
B.88	Q0	10848834	34	0.491	Run_0
B.88	Q0	7588607	35	0.4905	Run_0
B.88	Q0	20698532	36	0.4905	Run_0
B.88	Q0	23344612	37	0.49	Run_0
B.88	Q0	22321654	38	0.4895	Run_0
B.88	Q0	21743888	39	0.4895	Run_0
B.88	Q0	22382309	40	0.489	Run_0
B.88	Q0	14630953	41	0.489	Run_0
B.88	Q0	25652189	42	0.4885	Run_0
B.88	Q0	23884411	43	0.4885	Run_0
B.88	Q0	8086666	44	0.488	Run_0
B.88	Q0	12894316	45	0.488	Run_0
B.88	Q0	21237552	46	0.4875	Run_0
B.88	Q0	15689401	47	0.4875	Run_0
B.88	Q0	3882533	48	0.4865	Run_0
B.88	Q0	23434687	49	0.486	Run_0
B.88	Q0	4414783	50	0.36	Run_0
B.88	Q0	17076286	51	0.309	Run_0
B.88	Q0	8364119	52	0.2815	Run_0
B.88	Q0	7627518	53	0.274	Run_0
B.88	Q0	3807309	54	0.252	Run_0
B.12	Q0	4922894	1	0.941	Run_0
B.12	Q0	18611091	2	0.637	Run_0
B.12	Q0	8691714	3	0.5	Run_0
B.12	Q0	23798108	4	0.5	Run_0
B.12	Q0	6520110	5	0.4995	Run_0
B.12	Q0	10080915	6	0.4995	Run_0
B.12	Q0	23570937	7	0.499	Run_0
B.12	Q0	19473703	8	0.499	Run_0
B.12	Q0	20869222	9	0.499	Run_0
B.12	Q0	5923136	10	0.4985	Run_0
B.12	Q0	20604609	11	0.4985	Run_0
B.12	Q0	17183030	12	0.498	Run_0
B.12	Q0	12074660	13	0.498	Run_0
B.12	Q0	4337802	14	0.4975	Run_0
B.12	Q0	25293584	15	0.4975	Run_0
B.12	Q0	26643054	16	0.497	Run_0
B.12	Q0	2072798	17	0.497	Run_0
B.12	Q0	15297747	18	0.4965	Run_0
B.12	Q0	14519568	19	0.4965	Run_0
B.12	Q0	21711072	20	0.496	Run_0
B.12	Q0	18073774	21	0.496	Run_0
B.12	Q0	7122936	22	0.4955	Run_0
B.12	Q0	18463698	23	0.4955	Run_0
B.12	Q0	27230286	24	0.495	Run_0
B.12	Q0	22091136	25	0.495	Run_0
B.12	Q0	6520109	26	0.4945	Run_0
B.12	Q0	3183904	27	0.4945	Run_0
B.12	Q0	20323937	28	0.494	Run_0
B.12	Q0	12074666	29	0.494	Run_0
B.12	Q0	24968677	30	0.4935	Run_0
B.12	Q0	10653125	31	0.4935	Run_0
B.12	Q0	6520111	32	0.493	Run_0
B.12	Q0	27940172	33	0.493	Run_0
B.12	Q0	6844040	34	0.4925	Run_0
B.12	Q0	26573295	35	0.4925	Run_0
B.12	Q0	26800660	36	0.492	Run_0
B.12	Q0	24441291	37	0.492	Run_0
B.12	Q0	8937260	38	0.4915	Run_0
B.12	Q0	20936220	39	0.4915	Run_0
B.12	Q0	3466510	40	0.491	Run_0
B.12	Q0	1075336	41	0.491	Run_0
B.12	Q0	4201423	42	0.4905	Run_0
B.12	Q0	15357157	43	0.4905	Run_0
B.12	Q0	2329596	44	0.49	Run_0
B.12	Q0	13432425	45	0.49	Run_0
B.12	Q0	7712679	46	0.4895	Run_0
B.12	Q0	10252597	47	0.4895	Run_0
B.12	Q0	8758457	48	0.489	Run_0
B.12	Q0	10827441	49	0.489	Run_0
B.12	Q0	16869651	50	0.4885	Run_0
B.12	Q0	10010474	51	0.4885	Run_0
B.12	Q0	5757635	52	0.488	Run_0
B.12	Q0	11304298	53	0.488	Run_0
B.12	Q0	18710379	54	0.4455	Run_0
B.12	Q0	8186621	55	0.41	Run_0
B.28	Q0	23609044	1	0.976	Run_0
B.28	Q0	9994259	2	0.9605	Run_0
B.28	Q0	12508884	3	0.955	Run_0
B.28	Q0	15735347	4	0.93	Run_0
B.28	Q0	11925967	5	0.9245	Run_0
B.28	Q0	12508890	6	0.9235	Run_0
B.28	Q0	4875328	7	0.918	Run_0
B.28	Q0	15030783	8	0.909	Run_0
B.28	Q0	19381765	9	0.894	Run_0
B.28	Q0	8625925	10	0.887	Run_0
B.28	Q0	8462757	11	0.879	Run_0
B.28	Q0	8462758	12	0.877	Run_0
B.28	Q0	17123990	13	0.8545	Run_0
B.28	Q0	24568131	14	0.84	Run_0
B.28	Q0	10563571	15	0.837	Run_0
B.28	Q0	19136477	16	0.8105	Run_0
B.28	Q0	8462759	17	0.794	Run_0
B.28	Q0	19621784	18	0.78	Run_0
B.28	Q0	17288132	19	0.748	Run_0
B.28	Q0	24386779	20	0.729	Run_0
B.28	Q0	17756155	21	0.7245	Run_0
B.28	Q0	12908002	22	0.6815	Run_0
B.28	Q0	22687539	23	0.6735	Run_0
B.28	Q0	14561669	24	0.662	Run_0
B.28	Q0	21523719	25	0.578	Run_0
B.28	Q0	4618377	26	0.4995	Run_0
B.28	Q0	2191605	27	0.4995	Run_0
B.28	Q0	27375596	28	0.499	Run_0
B.28	Q0	17288131	29	0.499	Run_0
B.28	Q0	4618380	30	0.4985	Run_0
B.28	Q0	24886589	31	0.498	Run_0
B.28	Q0	12699772	32	0.4975	Run_0
B.28	Q0	14561672	33	0.497	Run_0
B.28	Q0	24386780	34	0.4965	Run_0
B.28	Q0	19621783	35	0.496	Run_0
B.28	Q0	17288133	36	0.4955	Run_0
B.28	Q0	7879735	37	0.495	Run_0
B.28	Q0	24762737	38	0.495	Run_0
B.28	Q0	7762876	39	0.4945	Run_0
B.28	Q0	22552433	40	0.494	Run_0
B.28	Q0	20282146	41	0.4935	Run_0
B.28	Q0	16578072	42	0.4935	Run_0
B.28	Q0	11608318	43	0.493	Run_0
B.28	Q0	27375566	44	0.4925	Run_0
B.28	Q0	21381355	45	0.4925	Run_0
B.28	Q0	19855661	46	0.492	Run_0
B.28	Q0	8625919	47	0.4915	Run_0
B.28	Q0	24386778	48	0.4915	Run_0
B.28	Q0	17756150	49	0.491	Run_0
B.28	Q0	14353134	50	0.491	Run_0
B.28	Q0	20723842	51	0.49	Run_0
B.28	Q0	12386591	52	0.49	Run_0
B.28	Q0	22646207	53	0.4895	Run_0
B.28	Q0	3323354	54	0.489	Run_0
B.28	Q0	18838345	55	0.489	Run_0
B.28	Q0	7898283	56	0.4885	Run_0
B.28	Q0	4554636	57	0.488	Run_0
B.28	Q0	21162797	58	0.488	Run_0
B.28	Q0	27481996	59	0.4855	Run_0
B.28	Q0	16624493	60	0.482	Run_0
B.28	Q0	25962284	61	0.478	Run_0
B.28	Q0	27074958	62	0.474	Run_0
B.28	Q0	4618393	63	0.4685	Run_0
B.28	Q0	17288128	64	0.46	Run_0
B.28	Q0	20314329	65	0.4455	Run_0
B.28	Q0	20755496	66	0.4375	Run_0
B.28	Q0	11377067	67	0.4325	Run_0
B.28	Q0	16624494	68	0.432	Run_0
B.28	Q0	5454244	69	0.4035	Run_0
B.28	Q0	7317835	70	0.385	Run_0
B.28	Q0	7548343	71	0.3735	Run_0
B.28	Q0	6083646	72	0.3515	Run_0
B.28	Q0	17288119	73	0.3335	Run_0
B.28	Q0	2556186	74	0.321	Run_0
B.28	Q0	25705046	75	0.298	Run_0
B.28	Q0	14090591	76	0.2725	Run_0
B.28	Q0	27481992	77	0.235	Run_0
B.4	Q0	9862127	1	0.5	Run_0
B.4	Q0	13230658	2	0.5	Run_0
B.4	Q0	18830885	3	0.4995	Run_0
B.4	Q0	13055724	4	0.4995	Run_0
B.4	Q0	775479	5	0.499	Run_0
B.4	Q0	26678867	6	0.499	Run_0
B.4	Q0	26906095	7	0.4985	Run_0
B.4	Q0	23859560	8	0.4985	Run_0
B.4	Q0	27498049	9	0.498	Run_0
B.4	Q0	1443470	10	0.498	Run_0
B.4	Q0	26315449	11	0.4975	Run_0
B.4	Q0	14447000	12	0.4975	Run_0
B.4	Q0	16714366	13	0.497	Run_0
B.4	Q0	12405792	14	0.497	Run_0
B.4	Q0	2228484	15	0.4965	Run_0
B.4	Q0	11093367	16	0.4965	Run_0
B.4	Q0	7294657	17	0.496	Run_0
B.4	Q0	10207466	18	0.496	Run_0
B.4	Q0	8237545	19	0.4955	Run_0
B.4	Q0	20200223	20	0.4955	Run_0
B.4	Q0	9030664	21	0.495	Run_0
B.4	Q0	16214109	22	0.495	Run_0
B.4	Q0	563600	23	0.4945	Run_0
B.4	Q0	26967359	24	0.4945	Run_0
B.4	Q0	8282333	25	0.494	Run_0
B.4	Q0	11014291	26	0.494	Run_0
B.4	Q0	21785064	27	0.4935	Run_0
B.4	Q0	13426474	28	0.4935	Run_0
B.4	Q0	25228595	29	0.493	Run_0
B.4	Q0	10683369	30	0.493	Run_0
B.4	Q0	7736678	31	0.4925	Run_0
B.4	Q0	23792433	32	0.4925	Run_0
B.4	Q0	24827364	33	0.492	Run_0
B.4	Q0	19068903	34	0.492	Run_0
B.4	Q0	8237543	35	0.4915	Run_0
B.4	Q0	27925217	36	0.4915	Run_0
B.4	Q0	8335853	37	0.491	Run_0
B.4	Q0	14324582	38	0.491	Run_0
B.4	Q0	7625085	39	0.4905	Run_0
B.4	Q0	10683365	40	0.4905	Run_0
B.4	Q0	26072778	41	0.49	Run_0
B.4	Q0	12058777	42	0.49	Run_0
B.4	Q0	8617237	43	0.4895	Run_0
B.4	Q0	22544353	44	0.4895	Run_0
B.4	Q0	9429962	45	0.489	Run_0
B.4	Q0	27712830	46	0.489	Run_0
B.4	Q0	8263770	47	0.4885	Run_0
B.4	Q0	13358041	48	0.4885	Run_0
B.4	Q0	7727026	49	0.488	Run_0
B.4	Q0	7437774	50	0.4875	Run_0
B.74	Q0	29	1	0.5	Run_0
B.74	Q0	20397146	2	0.5	Run_0
B.74	Q0	18160914	3	0.4995	Run_0
B.74	Q0	18881192	4	0.499	Run_0
B.74	Q0	16653	5	0.499	Run_0
B.74	Q0	5543225	6	0.4985	Run_0
B.74	Q0	21392279	7	0.4985	Run_0
B.74	Q0	17640943	8	0.498	Run_0
B.74	Q0	15789952	9	0.498	Run_0
B.74	Q0	9525681	10	0.4975	Run_0
B.74	Q0	24050008	11	0.4975	Run_0
B.74	Q0	6387635	12	0.497	Run_0
B.74	Q0	19125210	13	0.497	Run_0
B.74	Q0	2795874	14	0.4965	Run_0
B.74	Q0	18398777	15	0.4965	Run_0
B.74	Q0	12741989	16	0.496	Run_0
B.74	Q0	11674177	17	0.496	Run_0
B.74	Q0	9436531	18	0.4955	Run_0
B.74	Q0	131166	19	0.4955	Run_0
B.74	Q0	7830924	20	0.495	Run_0
B.74	Q0	14212388	21	0.495	Run_0
B.74	Q0	5159731	22	0.4945	Run_0
B.74	Q0	20328062	23	0.4945	Run_0
B.74	Q0	22851832	24	0.494	Run_0
B.74	Q0	10925892	25	0.494	Run_0
B.74	Q0	21844905	26	0.4935	Run_0
B.74	Q0	1320468	27	0.4935	Run_0
B.74	Q0	8787258	28	0.493	Run_0
B.74	Q0	8781646	29	0.493	Run_0
B.74	Q0	25287254	30	0.4925	Run_0
B.74	Q0	24992890	31	0.4925	Run_0
B.74	Q0	21882173	32	0.492	Run_0
B.74	Q0	21504413	33	0.492	Run_0
B.74	Q0	8591564	34	0.4915	Run_0
B.74	Q0	27764356	35	0.4915	Run_0
B.74	Q0	9887753	36	0.491	Run_0
B.74	Q0	25682884	37	0.491	Run_0
B.74	Q0	5050122	38	0.4905	Run_0
B.74	Q0	26183269	39	0.4905	Run_0
B.74	Q0	1987368	40	0.49	Run_0
B.74	Q0	24227187	41	0.4895	Run_0
B.74	Q0	108984	42	0.4895	Run_0
B.74	Q0	27751415	43	0.489	Run_0
B.74	Q0	16702401	44	0.489	Run_0
B.74	Q0	5910408	45	0.4885	Run_0
B.74	Q0	21563827	46	0.4885	Run_0
B.74	Q0	4138619	47	0.488	Run_0
B.74	Q0	27482035	48	0.488	Run_0
B.74	Q0	17106500	49	0.4875	Run_0
B.74	Q0	26981859	50	0.487	Run_0
B.75	Q0	16462889	1	0.693	Run_0
B.75	Q0	19995051	2	0.6635	Run_0
B.75	Q0	7205937	3	0.5625	Run_0
B.75	Q0	3088392	4	0.5	Run_0
B.75	Q0	1483194	5	0.5	Run_0
B.75	Q0	20798582	6	0.5	Run_0
B.75	Q0	8369625	7	0.4995	Run_0
B.75	Q0	1753443	8	0.4995	Run_0
B.75	Q0	24586901	9	0.499	Run_0
B.75	Q0	10302386	10	0.499	Run_0
B.75	Q0	7587030	11	0.4985	Run_0
B.75	Q0	27434226	12	0.4985	Run_0
B.75	Q0	6816175	13	0.498	Run_0
B.75	Q0	14050283	14	0.498	Run_0
B.75	Q0	7321434	15	0.4975	Run_0
B.75	Q0	7134491	16	0.4975	Run_0
B.75	Q0	7309228	17	0.497	Run_0
B.75	Q0	7131849	18	0.497	Run_0
B.75	Q0	3278983	19	0.4965	Run_0
B.75	Q0	1946982	20	0.4965	Run_0
B.75	Q0	1821092	21	0.496	Run_0
B.75	Q0	13465619	22	0.496	Run_0
B.75	Q0	2700584	23	0.4955	Run_0
B.75	Q0	12619458	24	0.4955	Run_0
B.75	Q0	2675164	25	0.495	Run_0
B.75	Q0	9576701	26	0.4945	Run_0
B.75	Q0	23139243	27	0.4945	Run_0
B.75	Q0	8864409	28	0.494	Run_0
B.75	Q0	15206006	29	0.494	Run_0
B.75	Q0	7896643	30	0.4935	Run_0
B.75	Q0	14969488	31	0.4935	Run_0
B.75	Q0	17830212	32	0.493	Run_0
B.75	Q0	15093619	33	0.493	Run_0
B.75	Q0	95285	34	0.4925	Run_0
B.75	Q0	23781027	35	0.4925	Run_0
B.75	Q0	22582567	36	0.492	Run_0
B.75	Q0	1746035	37	0.4915	Run_0
B.75	Q0	15755343	38	0.4915	Run_0
B.75	Q0	8233069	39	0.491	Run_0
B.75	Q0	4185731	40	0.491	Run_0
B.75	Q0	17885005	41	0.4905	Run_0
B.75	Q0	13680399	42	0.4905	Run_0
B.75	Q0	24294698	43	0.49	Run_0
B.75	Q0	22510235	44	0.49	Run_0
B.75	Q0	6960284	45	0.4895	Run_0
B.75	Q0	3943390	46	0.4895	Run_0
B.75	Q0	9799472	47	0.489	Run_0
B.75	Q0	18697285	48	0.489	Run_0
B.75	Q0	22703789	49	0.4885	Run_0
B.75	Q0	20428637	50	0.4885	Run_0
B.75	Q0	6952854	51	0.488	Run_0
B.75	Q0	27565695	52	0.488	Run_0
B.75	Q0	18719847	53	0.4875	Run_0
B.75	Q0	14614393	54	0.487	Run_0
B.75	Q0	22965663	55	0.48	Run_0
B.75	Q0	20256493	56	0.4535	Run_0
B.75	Q0	23314053	57	0.414	Run_0
B.27	Q0	773325	1	0.662	Run_0
B.27	Q0	13796757	2	0.527	Run_0
B.27	Q0	6347521	3	0.5	Run_0
B.27	Q0	12170693	4	0.5	Run_0
B.27	Q0	25243229	5	0.4995	Run_0
B.27	Q0	10982806	6	0.4995	Run_0
B.27	Q0	21065081	7	0.499	Run_0
B.27	Q0	17103146	8	0.499	Run_0
B.27	Q0	24786741	9	0.4985	Run_0
B.27	Q0	2144539	10	0.4985	Run_0
B.27	Q0	8089243	11	0.498	Run_0
B.27	Q0	21892846	12	0.498	Run_0
B.27	Q0	21078209	13	0.4975	Run_0
B.27	Q0	19775540	14	0.4975	Run_0
B.27	Q0	2827661	15	0.497	Run_0
B.27	Q0	27556732	16	0.497	Run_0
B.27	Q0	6337427	17	0.4965	Run_0
B.27	Q0	26440005	18	0.4965	Run_0
B.27	Q0	21214821	19	0.496	Run_0
B.27	Q0	14050060	20	0.496	Run_0
B.27	Q0	25990845	21	0.4955	Run_0
B.27	Q0	19191709	22	0.4955	Run_0
B.27	Q0	5752473	23	0.495	Run_0
B.27	Q0	15412965	24	0.495	Run_0
B.27	Q0	5973224	25	0.4945	Run_0
B.27	Q0	23753880	26	0.4945	Run_0
B.27	Q0	20760032	27	0.494	Run_0
B.27	Q0	14050059	28	0.494	Run_0
B.27	Q0	24938846	29	0.4935	Run_0
B.27	Q0	23314556	30	0.4935	Run_0
B.27	Q0	6444511	31	0.493	Run_0
B.27	Q0	3115331	32	0.493	Run_0
B.27	Q0	24770590	33	0.4925	Run_0
B.27	Q0	13240599	34	0.4925	Run_0
B.27	Q0	4359509	35	0.492	Run_0
B.27	Q0	13823300	36	0.492	Run_0
B.27	Q0	25007206	37	0.4915	Run_0
B.27	Q0	18901981	38	0.4915	Run_0
B.27	Q0	9685901	39	0.491	Run_0
B.27	Q0	20062645	40	0.491	Run_0
B.27	Q0	17103150	41	0.4905	Run_0
B.27	Q0	11839450	42	0.4905	Run_0
B.27	Q0	5656072	43	0.49	Run_0
B.27	Q0	26318187	44	0.49	Run_0
B.27	Q0	9075708	45	0.4895	Run_0
B.27	Q0	13417354	46	0.4895	Run_0
B.27	Q0	9275701	47	0.489	Run_0
B.27	Q0	21559200	48	0.489	Run_0
B.27	Q0	24555875	49	0.4885	Run_0
B.27	Q0	23356585	50	0.4885	Run_0
B.27	Q0	6358055	51	0.488	Run_0
B.27	Q0	11445418	52	0.488	Run_0
B.55	Q0	26813177	1	0.6775	Run_0
B.55	Q0	15666266	2	0.5515	Run_0
B.55	Q0	7646665	3	0.5	Run_0
B.55	Q0	20111900	4	0.5	Run_0
B.55	Q0	7263616	5	0.4995	Run_0
B.55	Q0	17116297	6	0.4995	Run_0
B.55	Q0	4282541	7	0.499	Run_0
B.55	Q0	10291042	8	0.499	Run_0
B.55	Q0	6381055	9	0.4985	Run_0
B.55	Q0	20323937	10	0.4985	Run_0
B.55	Q0	8780351	11	0.498	Run_0
B.55	Q0	18127365	12	0.498	Run_0
B.55	Q0	24353988	13	0.4975	Run_0
B.55	Q0	14571550	14	0.4975	Run_0
B.55	Q0	22553756	15	0.497	Run_0
B.55	Q0	16698251	16	0.497	Run_0
B.55	Q0	24541783	17	0.4965	Run_0
B.55	Q0	24342843	18	0.4965	Run_0
B.55	Q0	23056991	19	0.496	Run_0
B.55	Q0	14751348	20	0.496	Run_0
B.55	Q0	14777523	21	0.4955	Run_0
B.55	Q0	14012272	22	0.4955	Run_0
B.55	Q0	27940166	23	0.495	Run_0
B.55	Q0	14683884	24	0.495	Run_0
B.55	Q0	9596259	25	0.4945	Run_0
B.55	Q0	6563406	26	0.4945	Run_0
B.55	Q0	19059604	27	0.494	Run_0
B.55	Q0	17290587	28	0.494	Run_0
B.55	Q0	7456490	29	0.4935	Run_0
B.55	Q0	17554090	30	0.4935	Run_0
B.55	Q0	18380950	31	0.493	Run_0
B.55	Q0	10473387	32	0.493	Run_0
B.55	Q0	20109507	33	0.4925	Run_0
B.55	Q0	14877747	34	0.4925	Run_0
B.55	Q0	27533827	35	0.492	Run_0
B.55	Q0	23111344	36	0.492	Run_0
B.55	Q0	25669670	37	0.4915	Run_0
B.55	Q0	19903115	38	0.4915	Run_0
B.55	Q0	6054925	39	0.491	Run_0
B.55	Q0	21352527	40	0.491	Run_0
B.55	Q0	24323301	41	0.4905	Run_0
B.55	Q0	20670339	42	0.4905	Run_0
B.55	Q0	25454374	43	0.49	Run_0
B.55	Q0	23756752	44	0.49	Run_0
B.55	Q0	27796641	45	0.4895	Run_0
B.55	Q0	27339508	46	0.4895	Run_0
B.55	Q0	12714124	47	0.489	Run_0
B.55	Q0	10072124	48	0.489	Run_0
B.55	Q0	7192964	49	0.4885	Run_0
B.55	Q0	20944069	50	0.4885	Run_0
B.55	Q0	5896740	51	0.488	Run_0
B.55	Q0	27141600	52	0.488	Run_0
B.55	Q0	15140226	53	0.4835	Run_0
B.55	Q0	20400573	54	0.4675	Run_0
B.55	Q0	26475459	55	0.3975	Run_0
B.14	Q0	24743536	1	0.9195	Run_0
B.14	Q0	23171098	2	0.9185	Run_0
B.14	Q0	13632984	3	0.876	Run_0
B.14	Q0	3031585	4	0.852	Run_0
B.14	Q0	9932571	5	0.8005	Run_0
B.14	Q0	8519825	6	0.7945	Run_0
B.14	Q0	5937216	7	0.7595	Run_0
B.14	Q0	25305884	8	0.6995	Run_0
B.14	Q0	6995991	9	0.6995	Run_0
B.14	Q0	8851536	10	0.656	Run_0
B.14	Q0	8772774	11	0.5	Run_0
B.14	Q0	26238314	12	0.5	Run_0
B.14	Q0	7035475	13	0.4995	Run_0
B.14	Q0	13899971	14	0.4995	Run_0
B.14	Q0	6559112	15	0.499	Run_0
B.14	Q0	26256164	16	0.499	Run_0
B.14	Q0	7969015	17	0.4985	Run_0
B.14	Q0	25339167	18	0.4985	Run_0
B.14	Q0	8851542	19	0.498	Run_0
B.14	Q0	25450139	20	0.498	Run_0
B.14	Q0	25039708	21	0.4975	Run_0
B.14	Q0	15229455	22	0.4975	Run_0
B.14	Q0	20050897	23	0.497	Run_0
B.14	Q0	12776750	24	0.497	Run_0
B.14	Q0	3837234	25	0.496	Run_0
B.14	Q0	13755506	26	0.496	Run_0
B.14	Q0	23547395	27	0.4955	Run_0
B.14	Q0	19671749	28	0.4955	Run_0
B.14	Q0	5991430	29	0.495	Run_0
B.14	Q0	20269888	30	0.495	Run_0
B.14	Q0	19310878	31	0.4945	Run_0
B.14	Q0	18687128	32	0.4945	Run_0
B.14	Q0	9671734	33	0.494	Run_0
B.14	Q0	21313035	34	0.494	Run_0
B.14	Q0	20769089	35	0.4935	Run_0
B.14	Q0	19464376	36	0.4935	Run_0
B.14	Q0	24629720	37	0.493	Run_0
B.14	Q0	2038686	38	0.493	Run_0
B.14	Q0	25319680	39	0.4925	Run_0
B.14	Q0	20532983	40	0.4925	Run_0
B.14	Q0	9057320	41	0.492	Run_0
B.14	Q0	18483327	42	0.492	Run_0
B.14	Q0	5256893	43	0.4915	Run_0
B.14	Q0	19277103	44	0.4915	Run_0
B.14	Q0	25513720	45	0.491	Run_0
B.14	Q0	11594570	46	0.491	Run_0
B.14	Q0	7822587	47	0.4905	Run_0
B.14	Q0	7568519	48	0.49	Run_0
B.14	Q0	21416736	49	0.49	Run_0
B.14	Q0	26130813	50	0.4895	Run_0
B.14	Q0	22877877	51	0.4895	Run_0
B.14	Q0	4795371	52	0.489	Run_0
B.14	Q0	27749193	53	0.489	Run_0
B.14	Q0	24818361	54	0.4885	Run_0
B.14	Q0	11139528	55	0.4885	Run_0
B.14	Q0	2677772	56	0.488	Run_0
B.14	Q0	25960533	57	0.488	Run_0
B.14	Q0	9770779	58	0.4845	Run_0
B.14	Q0	12004795	59	0.4055	Run_0
B.38	Q0	5896479	1	0.6395	Run_0
B.38	Q0	20990338	2	0.627	Run_0
B.38	Q0	2631332	3	0.6045	Run_0
B.38	Q0	26218834	4	0.589	Run_0
B.38	Q0	18733502	5	0.5695	Run_0
B.38	Q0	8116770	6	0.556	Run_0
B.38	Q0	11886430	7	0.5375	Run_0
B.38	Q0	14892270	8	0.517	Run_0
B.38	Q0	11134271	9	0.5035	Run_0
B.38	Q0	27715967	10	0.5	Run_0
B.38	Q0	14694830	11	0.5	Run_0
B.38	Q0	3077814	12	0.4995	Run_0
B.38	Q0	20017105	13	0.4995	Run_0
B.38	Q0	3062203	14	0.499	Run_0
B.38	Q0	19981000	15	0.499	Run_0
B.38	Q0	21228734	16	0.4985	Run_0
B.38	Q0	9515319	17	0.498	Run_0
B.38	Q0	15240341	18	0.4975	Run_0
B.38	Q0	3693843	19	0.497	Run_0
B.38	Q0	19267579	20	0.497	Run_0
B.38	Q0	16008661	21	0.4965	Run_0
B.38	Q0	4205080	22	0.496	Run_0
B.38	Q0	21050432	23	0.496	Run_0
B.38	Q0	23132260	24	0.4955	Run_0
B.38	Q0	14566535	25	0.495	Run_0
B.38	Q0	12895873	26	0.495	Run_0
B.38	Q0	21548839	27	0.4945	Run_0
B.38	Q0	19124895	28	0.494	Run_0
B.38	Q0	19141729	29	0.4935	Run_0
B.38	Q0	1603752	30	0.493	Run_0
B.38	Q0	14412588	31	0.493	Run_0
B.38	Q0	22049831	32	0.4925	Run_0
B.38	Q0	18170261	33	0.4925	Run_0
B.38	Q0	5757520	34	0.492	Run_0
B.38	Q0	11464743	35	0.492	Run_0
B.38	Q0	21046176	36	0.4915	Run_0
B.38	Q0	20175217	37	0.4915	Run_0
B.38	Q0	1634335	38	0.491	Run_0
B.38	Q0	6685368	39	0.4905	Run_0
B.38	Q0	23570171	40	0.4905	Run_0
B.38	Q0	16908311	41	0.49	Run_0
B.38	Q0	25675280	42	0.4895	Run_0
B.38	Q0	18414875	43	0.4895	Run_0
B.38	Q0	26059047	44	0.489	Run_0
B.38	Q0	10294418	45	0.489	Run_0
B.38	Q0	9108424	46	0.4885	Run_0
B.38	Q0	20874398	47	0.4885	Run_0
B.38	Q0	1341366	48	0.488	Run_0
B.38	Q0	25476744	49	0.487	Run_0
B.38	Q0	19675712	50	0.4865	Run_0
B.38	Q0	9776506	51	0.486	Run_0
B.38	Q0	385171	52	0.4845	Run_0
B.38	Q0	19010109	53	0.484	Run_0
B.38	Q0	15177186	54	0.4835	Run_0
B.38	Q0	17121749	55	0.483	Run_0
B.38	Q0	19239735	56	0.481	Run_0
B.38	Q0	11299053	57	0.4505	Run_0
B.38	Q0	11299056	58	0.4315	Run_0
B.38	Q0	11299054	59	0.411	Run_0
B.38	Q0	9776500	60	0.306	Run_0
B.38	Q0	11299051	61	0.304	Run_0
B.30	Q0	15462174	1	0.959	Run_0
B.30	Q0	10252616	2	0.934	Run_0
B.30	Q0	4671113	3	0.9115	Run_0
B.30	Q0	9412078	4	0.902	Run_0
B.30	Q0	27792481	5	0.8325	Run_0
B.30	Q0	6515426	6	0.8135	Run_0
B.30	Q0	22997937	7	0.81	Run_0
B.30	Q0	11929715	8	0.782	Run_0
B.30	Q0	23335181	9	0.7745	Run_0
B.30	Q0	19459648	10	0.762	Run_0
B.30	Q0	2744452	11	0.6545	Run_0
B.30	Q0	17288843	12	0.5	Run_0
B.30	Q0	1648441	13	0.5	Run_0
B.30	Q0	20523000	14	0.4995	Run_0
B.30	Q0	19167058	15	0.4995	Run_0
B.30	Q0	17203765	16	0.499	Run_0
B.30	Q0	10421976	17	0.499	Run_0
B.30	Q0	22508152	18	0.4985	Run_0
B.30	Q0	12882243	19	0.4985	Run_0
B.30	Q0	16411293	20	0.498	Run_0
B.30	Q0	15456307	21	0.498	Run_0
B.30	Q0	8344377	22	0.4975	Run_0
B.30	Q0	12360556	23	0.4975	Run_0
B.30	Q0	17948073	24	0.497	Run_0
B.30	Q0	14866671	25	0.497	Run_0
B.30	Q0	25024123	26	0.4965	Run_0
B.30	Q0	18834972	27	0.4965	Run_0
B.30	Q0	24142962	28	0.496	Run_0
B.30	Q0	1940454	29	0.496	Run_0
B.30	Q0	3982349	30	0.4955	Run_0
B.30	Q0	24221468	31	0.4955	Run_0
B.30	Q0	14319228	32	0.495	Run_0
B.30	Q0	10659796	33	0.495	Run_0
B.30	Q0	3892026	34	0.4945	Run_0
B.30	Q0	16152582	35	0.4945	Run_0
B.30	Q0	5277206	36	0.494	Run_0
B.30	Q0	4785584	37	0.494	Run_0
B.30	Q0	5167863	38	0.4935	Run_0
B.30	Q0	2810035	39	0.4935	Run_0
B.30	Q0	26428509	40	0.493	Run_0
B.30	Q0	13948258	41	0.493	Run_0
B.30	Q0	9428683	42	0.4925	Run_0
B.30	Q0	6268490	43	0.4925	Run_0
B.30	Q0	22759651	44	0.492	Run_0
B.30	Q0	10184019	45	0.492	Run_0
B.30	Q0	17136231	46	0.4915	Run_0
B.30	Q0	13220329	47	0.4915	Run_0
B.30	Q0	20522533	48	0.491	Run_0
B.30	Q0	18794535	49	0.491	Run_0
B.30	Q0	25254616	50	0.4905	Run_0
B.30	Q0	25051417	51	0.4905	Run_0
B.30	Q0	1902975	52	0.49	Run_0
B.30	Q0	1791937	53	0.4895	Run_0
B.30	Q0	11616093	54	0.4895	Run_0
B.30	Q0	24506329	55	0.489	Run_0
B.30	Q0	6135898	56	0.4885	Run_0
B.30	Q0	13079647	57	0.4885	Run_0
B.30	Q0	15598040	58	0.488	Run_0
B.30	Q0	11635750	59	0.488	Run_0
B.30	Q0	19091610	60	0.481	Run_0
B.30	Q0	683719	61	0.473	Run_0
B.30	Q0	2525965	62	0.4675	Run_0
B.30	Q0	18834973	63	0.4475	Run_0
B.30	Q0	4557514	64	0.391	Run_0
B.48	Q0	26600157	1	0.6855	Run_0
B.48	Q0	15511380	2	0.6445	Run_0
B.48	Q0	27018889	3	0.5415	Run_0
B.48	Q0	9924800	4	0.501	Run_0
B.48	Q0	1977679	5	0.5	Run_0
B.48	Q0	13350336	6	0.5	Run_0
B.48	Q0	1977602	7	0.4995	Run_0
B.48	Q0	15134495	8	0.4995	Run_0
B.48	Q0	26082390	9	0.499	Run_0
B.48	Q0	19381044	10	0.499	Run_0
B.48	Q0	7229680	11	0.4985	Run_0
B.48	Q0	14293608	12	0.4985	Run_0
B.48	Q0	25320412	13	0.498	Run_0
B.48	Q0	12654471	14	0.498	Run_0
B.48	Q0	3397191	15	0.4975	Run_0
B.48	Q0	21521336	16	0.4975	Run_0
B.48	Q0	20490407	17	0.497	Run_0
B.48	Q0	12631607	18	0.497	Run_0
B.48	Q0	21911385	19	0.4965	Run_0
B.48	Q0	19237754	20	0.4965	Run_0
B.48	Q0	26242383	21	0.496	Run_0
B.48	Q0	24648650	22	0.496	Run_0
B.48	Q0	15351710	23	0.4955	Run_0
B.48	Q0	10038319	24	0.4955	Run_0
B.48	Q0	8532135	25	0.495	Run_0
B.48	Q0	6673157	26	0.495	Run_0
B.48	Q0	23613249	27	0.4945	Run_0
B.48	Q0	15853622	28	0.4945	Run_0
B.48	Q0	8597775	29	0.494	Run_0
B.48	Q0	13201443	30	0.494	Run_0
B.48	Q0	17137381	31	0.4935	Run_0
B.48	Q0	16361462	32	0.4935	Run_0
B.48	Q0	9168840	33	0.493	Run_0
B.48	Q0	7513402	34	0.493	Run_0
B.48	Q0	23124113	35	0.4925	Run_0
B.48	Q0	22453625	36	0.4925	Run_0
B.48	Q0	1745750	37	0.492	Run_0
B.48	Q0	12745403	38	0.492	Run_0
B.48	Q0	9788841	39	0.4915	Run_0
B.48	Q0	21891805	40	0.4915	Run_0
B.48	Q0	2757798	41	0.491	Run_0
B.48	Q0	12028704	42	0.491	Run_0
B.48	Q0	24215682	43	0.4905	Run_0
B.48	Q0	9950336	44	0.49	Run_0
B.48	Q0	22160508	45	0.49	Run_0
B.48	Q0	89703	46	0.4895	Run_0
B.48	Q0	15420369	47	0.4895	Run_0
B.48	Q0	4087942	48	0.489	Run_0
B.48	Q0	16977952	49	0.489	Run_0
B.48	Q0	19854912	50	0.4885	Run_0
B.48	Q0	10078168	51	0.4885	Run_0
B.48	Q0	8659991	52	0.488	Run_0
B.48	Q0	7053217	53	0.488	Run_0
B.48	Q0	24566096	54	0.332	Run_0
B.66	Q0	11862855	1	0.5595	Run_0
B.66	Q0	4091639	2	0.5	Run_0
B.66	Q0	29	3	0.5	Run_0
B.66	Q0	3291760	4	0.4995	Run_0
B.66	Q0	12107298	5	0.499	Run_0
B.66	Q0	629047	6	0.4985	Run_0
B.66	Q0	22227026	7	0.4985	Run_0
B.66	Q0	9742626	8	0.498	Run_0
B.66	Q0	6048775	9	0.498	Run_0
B.66	Q0	26183269	10	0.4975	Run_0
B.66	Q0	19419875	11	0.4975	Run_0
B.66	Q0	738451	12	0.497	Run_0
B.66	Q0	4918542	13	0.497	Run_0
B.66	Q0	25450141	14	0.4965	Run_0
B.66	Q0	10114995	15	0.4965	Run_0
B.66	Q0	3549321	16	0.496	Run_0
B.66	Q0	21516422	17	0.496	Run_0
B.66	Q0	23627112	18	0.4955	Run_0
B.66	Q0	18854429	19	0.4955	Run_0
B.66	Q0	3549320	20	0.495	Run_0
B.66	Q0	27751415	21	0.495	Run_0
B.66	Q0	19696622	22	0.4945	Run_0
B.66	Q0	15321824	23	0.4945	Run_0
B.66	Q0	8591564	24	0.494	Run_0
B.66	Q0	21986734	25	0.494	Run_0
B.66	Q0	25833358	26	0.4935	Run_0
B.66	Q0	2278481	27	0.4935	Run_0
B.66	Q0	26552451	28	0.493	Run_0
B.66	Q0	20549305	29	0.493	Run_0
B.66	Q0	2561877	30	0.4925	Run_0
B.66	Q0	20828805	31	0.4925	Run_0
B.66	Q0	4517057	32	0.492	Run_0
B.66	Q0	2518152	33	0.492	Run_0
B.66	Q0	7282245	34	0.4915	Run_0
B.66	Q0	26347219	35	0.4915	Run_0
B.66	Q0	28320697	36	0.491	Run_0
B.66	Q0	11773503	37	0.491	Run_0
B.66	Q0	9009529	38	0.4905	Run_0
B.66	Q0	24976878	39	0.4905	Run_0
B.66	Q0	9446298	40	0.49	Run_0
B.66	Q0	16499341	41	0.49	Run_0
B.66	Q0	4110277	42	0.4895	Run_0
B.66	Q0	18837378	43	0.4895	Run_0
B.66	Q0	2525519	44	0.489	Run_0
B.66	Q0	22957652	45	0.489	Run_0
B.66	Q0	14875216	46	0.4885	Run_0
B.66	Q0	12469358	47	0.4885	Run_0
B.66	Q0	496371	48	0.488	Run_0
B.66	Q0	19948879	49	0.488	Run_0
B.66	Q0	4990472	50	0.4875	Run_0
B.9	Q0	20200223	1	0.5	Run_0
B.9	Q0	13055724	2	0.5	Run_0
B.9	Q0	9862127	3	0.4995	Run_0
B.9	Q0	27498049	4	0.4995	Run_0
B.9	Q0	26678867	5	0.499	Run_0
B.9	Q0	18830885	6	0.499	Run_0
B.9	Q0	13426474	7	0.4985	Run_0
B.9	Q0	12405792	8	0.4985	Run_0
B.9	Q0	14447000	9	0.498	Run_0
B.9	Q0	13230658	10	0.498	Run_0
B.9	Q0	3372385	11	0.4975	Run_0
B.9	Q0	23859560	12	0.4975	Run_0
B.9	Q0	5736223	13	0.497	Run_0
B.9	Q0	11093367	14	0.497	Run_0
B.9	Q0	7727026	15	0.4965	Run_0
B.9	Q0	16714366	16	0.4965	Run_0
B.9	Q0	26315449	17	0.496	Run_0
B.9	Q0	13843807	18	0.496	Run_0
B.9	Q0	25228595	19	0.4955	Run_0
B.9	Q0	1443470	20	0.4955	Run_0
B.9	Q0	8237545	21	0.495	Run_0
B.9	Q0	18514207	22	0.495	Run_0
B.9	Q0	27291257	23	0.4945	Run_0
B.9	Q0	14324582	24	0.4945	Run_0
B.9	Q0	3066717	25	0.494	Run_0
B.9	Q0	24827364	26	0.494	Run_0
B.9	Q0	9030664	27	0.4935	Run_0
B.9	Q0	20224234	28	0.4935	Run_0
B.9	Q0	8282333	29	0.493	Run_0
B.9	Q0	26967359	30	0.493	Run_0
B.9	Q0	16701819	31	0.4925	Run_0
B.9	Q0	10207466	32	0.4925	Run_0
B.9	Q0	27712830	33	0.492	Run_0
B.9	Q0	1538769	34	0.492	Run_0
B.9	Q0	7955775	35	0.4915	Run_0
B.9	Q0	775479	36	0.4915	Run_0
B.9	Q0	24765680	37	0.491	Run_0
B.9	Q0	12058777	38	0.491	Run_0
B.9	Q0	8617237	39	0.4905	Run_0
B.9	Q0	23362854	40	0.4905	Run_0
B.9	Q0	8237543	41	0.49	Run_0
B.9	Q0	25641847	42	0.49	Run_0
B.9	Q0	21785064	43	0.4895	Run_0
B.9	Q0	18418035	44	0.4895	Run_0
B.9	Q0	9892294	45	0.489	Run_0
B.9	Q0	15566475	46	0.489	Run_0
B.9	Q0	3653250	47	0.4885	Run_0
B.9	Q0	12082988	48	0.4885	Run_0
B.9	Q0	8263770	49	0.488	Run_0
B.9	Q0	13971649	50	0.488	Run_0
B.9	Q0	947931	51	0.3195	Run_0
B.9	Q0	8875982	52	0.253	Run_0
B.1	Q0	2742433	1	0.5	Run_0
B.1	Q0	19624661	2	0.5	Run_0
B.1	Q0	6359587	3	0.4995	Run_0
B.1	Q0	20699547	4	0.4995	Run_0
B.1	Q0	21537379	5	0.499	Run_0
B.1	Q0	1770673	6	0.499	Run_0
B.1	Q0	9387915	7	0.4985	Run_0
B.1	Q0	23857867	8	0.4985	Run_0
B.1	Q0	20460526	9	0.498	Run_0
B.1	Q0	20238168	10	0.498	Run_0
B.1	Q0	9869433	11	0.4975	Run_0
B.1	Q0	28170670	12	0.4975	Run_0
B.1	Q0	24784735	13	0.497	Run_0
B.1	Q0	15306658	14	0.497	Run_0
B.1	Q0	10980852	15	0.4965	Run_0
B.1	Q0	10623235	16	0.4965	Run_0
B.1	Q0	25557961	17	0.496	Run_0
B.1	Q0	12577767	18	0.496	Run_0
B.1	Q0	13547	19	0.4955	Run_0
B.1	Q0	12918683	20	0.4955	Run_0
B.1	Q0	3835539	21	0.495	Run_0
B.1	Q0	19639093	22	0.495	Run_0
B.1	Q0	9940736	23	0.4945	Run_0
B.1	Q0	9269979	24	0.4945	Run_0
B.1	Q0	22366418	25	0.494	Run_0
B.1	Q0	16229152	26	0.494	Run_0
B.1	Q0	17089597	27	0.4935	Run_0
B.1	Q0	11758013	28	0.4935	Run_0
B.1	Q0	6636280	29	0.493	Run_0
B.1	Q0	28010438	30	0.493	Run_0
B.1	Q0	23633989	31	0.4925	Run_0
B.1	Q0	17943044	32	0.4925	Run_0
B.1	Q0	16033753	33	0.492	Run_0
B.1	Q0	13865240	34	0.492	Run_0
B.1	Q0	26590678	35	0.4915	Run_0
B.1	Q0	25502836	36	0.4915	Run_0
B.1	Q0	6207452	37	0.491	Run_0
B.1	Q0	17907683	38	0.491	Run_0
B.1	Q0	2012705	39	0.4905	Run_0
B.1	Q0	18754976	40	0.4905	Run_0
B.1	Q0	24393855	41	0.49	Run_0
B.1	Q0	24242120	42	0.49	Run_0
B.1	Q0	18970925	43	0.4895	Run_0
B.1	Q0	16220139	44	0.4895	Run_0
B.1	Q0	27368143	45	0.489	Run_0
B.1	Q0	13386804	46	0.489	Run_0
B.1	Q0	16139272	47	0.4885	Run_0
B.1	Q0	15407836	48	0.4885	Run_0
B.1	Q0	5441560	49	0.488	Run_0
B.1	Q0	2826701	50	0.488	Run_0
B.33	Q0	19739236	1	0.999	Run_0
B.33	Q0	16895823	2	0.996	Run_0
B.33	Q0	26842158	3	0.9575	Run_0
B.33	Q0	26801353	4	0.9475	Run_0
B.33	Q0	11691275	5	0.9225	Run_0
B.33	Q0	11204512	6	0.9105	Run_0
B.33	Q0	20870058	7	0.9045	Run_0
B.33	Q0	9349429	8	0.9005	Run_0
B.33	Q0	15854189	9	0.8985	Run_0
B.33	Q0	15901094	10	0.898	Run_0
B.33	Q0	24828225	11	0.881	Run_0
B.33	Q0	4209280	12	0.7515	Run_0
B.33	Q0	3898744	13	0.725	Run_0
B.33	Q0	27436834	14	0.675	Run_0
B.33	Q0	24220739	15	0.5225	Run_0
B.33	Q0	18200738	16	0.4995	Run_0
B.33	Q0	24817749	17	0.499	Run_0
B.33	Q0	27436840	18	0.4985	Run_0
B.33	Q0	22916060	19	0.498	Run_0
B.33	Q0	13434284	20	0.498	Run_0
B.33	Q0	16418490	21	0.4975	Run_0
B.33	Q0	24057221	22	0.497	Run_0
B.33	Q0	16868635	23	0.4965	Run_0
B.33	Q0	12005175	24	0.4965	Run_0
B.33	Q0	22711599	25	0.496	Run_0
B.33	Q0	12135915	26	0.4955	Run_0
B.33	Q0	11655779	27	0.4955	Run_0
B.33	Q0	3441060	28	0.495	Run_0
B.33	Q0	9391251	29	0.4945	Run_0
B.33	Q0	24337541	30	0.4945	Run_0
B.33	Q0	1790446	31	0.494	Run_0
B.33	Q0	3333596	32	0.4935	Run_0
B.33	Q0	15577519	33	0.4935	Run_0
B.33	Q0	4538695	34	0.493	Run_0
B.33	Q0	9296413	35	0.4925	Run_0
B.33	Q0	7276904	36	0.4925	Run_0
B.33	Q0	3898743	37	0.492	Run_0
B.33	Q0	19537661	38	0.492	Run_0
B.33	Q0	23548917	39	0.4915	Run_0
B.33	Q0	16417396	40	0.4915	Run_0
B.33	Q0	16708678	41	0.491	Run_0
B.33	Q0	16670662	42	0.491	Run_0
B.33	Q0	21527764	43	0.4905	Run_0
B.33	Q0	18973502	44	0.4905	Run_0
B.33	Q0	1790439	45	0.49	Run_0
B.33	Q0	8595840	46	0.4895	Run_0
B.33	Q0	14418448	47	0.4895	Run_0
B.33	Q0	7656044	48	0.489	Run_0
B.33	Q0	11870993	49	0.489	Run_0
B.33	Q0	5230209	50	0.4885	Run_0
B.33	Q0	4747207	51	0.488	Run_0
B.33	Q0	10701962	52	0.488	Run_0
B.33	Q0	27971905	53	0.481	Run_0
B.33	Q0	13601477	54	0.4765	Run_0
B.33	Q0	7432893	55	0.474	Run_0
B.33	Q0	1398441	56	0.4545	Run_0
B.33	Q0	27000975	57	0.454	Run_0
B.33	Q0	7364099	58	0.442	Run_0
B.33	Q0	14924866	59	0.432	Run_0
B.33	Q0	6214585	60	0.428	Run_0
B.33	Q0	3671897	61	0.422	Run_0
B.33	Q0	24828220	62	0.412	Run_0
B.33	Q0	9349440	63	0.367	Run_0
B.33	Q0	18352354	64	0.322	Run_0
B.33	Q0	15101601	65	0.2735	Run_0
B.10	Q0	14048616	1	0.6065	Run_0
B.10	Q0	28119409	2	0.579	Run_0
B.10	Q0	19179000	3	0.552	Run_0
B.10	Q0	26037750	4	0.529	Run_0
B.10	Q0	7926410	5	0.5035	Run_0
B.10	Q0	5866072	6	0.5	Run_0
B.10	Q0	22171102	7	0.5	Run_0
B.10	Q0	7261985	8	0.4995	Run_0
B.10	Q0	5866060	9	0.4995	Run_0
B.10	Q0	7667865	10	0.499	Run_0
B.10	Q0	19605152	11	0.499	Run_0
B.10	Q0	7472435	12	0.4985	Run_0
B.10	Q0	12229491	13	0.4985	Run_0
B.10	Q0	26519898	14	0.498	Run_0
B.10	Q0	12593571	15	0.498	Run_0
B.10	Q0	20404045	16	0.4975	Run_0
B.10	Q0	18891819	17	0.4975	Run_0
B.10	Q0	9068623	18	0.497	Run_0
B.10	Q0	23869359	19	0.497	Run_0
B.10	Q0	4807192	20	0.4965	Run_0
B.10	Q0	4143201	21	0.4965	Run_0
B.10	Q0	14621555	22	0.496	Run_0
B.10	Q0	13596610	23	0.4955	Run_0
B.10	Q0	4380326	24	0.495	Run_0
B.10	Q0	24439080	25	0.495	Run_0
B.10	Q0	7472427	26	0.4945	Run_0
B.10	Q0	20474316	27	0.4945	Run_0
B.10	Q0	24190939	28	0.494	Run_0
B.10	Q0	16180061	29	0.494	Run_0
B.10	Q0	7465352	30	0.4935	Run_0
B.10	Q0	24628697	31	0.4935	Run_0
B.10	Q0	7807743	32	0.493	Run_0
B.10	Q0	17673540	33	0.493	Run_0
B.10	Q0	9358788	34	0.4925	Run_0
B.10	Q0	2732955	35	0.4925	Run_0
B.10	Q0	4045609	36	0.492	Run_0
B.10	Q0	747002	37	0.4915	Run_0
B.10	Q0	22318897	38	0.4915	Run_0
B.10	Q0	7807751	39	0.491	Run_0
B.10	Q0	19190321	40	0.491	Run_0
B.10	Q0	7813320	41	0.4905	Run_0
B.10	Q0	8274447	42	0.49	Run_0
B.10	Q0	9813869	43	0.4895	Run_0
B.10	Q0	10981795	44	0.4895	Run_0
B.10	Q0	17248619	45	0.489	Run_0
B.10	Q0	14727695	46	0.489	Run_0
B.10	Q0	23936007	47	0.4885	Run_0
B.10	Q0	10625948	48	0.4885	Run_0
B.10	Q0	4025240	49	0.488	Run_0
B.10	Q0	12441460	50	0.488	Run_0
B.10	Q0	6374391	51	0.4875	Run_0
B.10	Q0	27885015	52	0.4875	Run_0
B.10	Q0	2887393	53	0.487	Run_0
B.10	Q0	8568616	54	0.4865	Run_0
B.10	Q0	21146239	55	0.486	Run_0
B.10	Q0	11022759	56	0.4805	Run_0
B.10	Q0	25434263	57	0.4735	Run_0
B.10	Q0	27888046	58	0.461	Run_0
B.10	Q0	5610889	59	0.4475	Run_0
B.10	Q0	26345365	60	0.43	Run_0
B.10	Q0	9594718	61	0.343	Run_0
B.10	Q0	27474323	62	0.3375	Run_0
B.10	Q0	26286848	63	0.302	Run_0
B.10	Q0	17362140	64	0.297	Run_0
B.10	Q0	44341	65	0.2815	Run_0
B.69	Q0	12675565	1	0.74	Run_0
B.69	Q0	7182748	2	0.6865	Run_0
B.69	Q0	11654184	3	0.55	Run_0
B.69	Q0	11186616	4	0.512	Run_0
B.69	Q0	10341924	5	0.502	Run_0
B.69	Q0	13274346	6	0.5	Run_0
B.69	Q0	10100378	7	0.5	Run_0
B.69	Q0	15498290	8	0.4995	Run_0
B.69	Q0	11683868	9	0.4995	Run_0
B.69	Q0	6592899	10	0.499	Run_0
B.69	Q0	18268568	11	0.499	Run_0
B.69	Q0	24000704	12	0.4985	Run_0
B.69	Q0	11799559	13	0.4985	Run_0
B.69	Q0	19095755	14	0.498	Run_0
B.69	Q0	13087752	15	0.498	Run_0
B.69	Q0	26223943	16	0.4975	Run_0
B.69	Q0	21598987	17	0.4975	Run_0
B.69	Q0	8490781	18	0.497	Run_0
B.69	Q0	24112549	19	0.497	Run_0
B.69	Q0	9528221	20	0.4965	Run_0
B.69	Q0	13087754	21	0.4965	Run_0
B.69	Q0	5297417	22	0.496	Run_0
B.69	Q0	11799558	23	0.496	Run_0
B.69	Q0	14351191	24	0.4955	Run_0
B.69	Q0	10322977	25	0.4955	Run_0
B.69	Q0	26283658	26	0.495	Run_0
B.69	Q0	16094012	27	0.495	Run_0
B.69	Q0	17316624	28	0.4945	Run_0
B.69	Q0	15555706	29	0.4945	Run_0
B.69	Q0	8191287	30	0.494	Run_0
B.69	Q0	13585398	31	0.494	Run_0
B.69	Q0	6230576	32	0.4935	Run_0
B.69	Q0	18382570	33	0.4935	Run_0
B.69	Q0	8298197	34	0.493	Run_0
B.69	Q0	4605394	35	0.493	Run_0
B.69	Q0	2094232	36	0.4925	Run_0
B.69	Q0	13087772	37	0.4925	Run_0
B.69	Q0	1877292	38	0.492	Run_0
B.69	Q0	13764765	39	0.492	Run_0
B.69	Q0	7182761	40	0.4915	Run_0
B.69	Q0	18511572	41	0.4915	Run_0
B.69	Q0	15218669	42	0.491	Run_0
B.69	Q0	11417436	43	0.491	Run_0
B.69	Q0	7227544	44	0.4905	Run_0
B.69	Q0	20913412	45	0.4905	Run_0
B.69	Q0	8895625	46	0.49	Run_0
B.69	Q0	17846391	47	0.49	Run_0
B.69	Q0	9046555	48	0.4895	Run_0
B.69	Q0	1851439	49	0.4895	Run_0
B.69	Q0	25129245	50	0.489	Run_0
B.69	Q0	13363500	51	0.489	Run_0
B.69	Q0	16401696	52	0.4885	Run_0
B.69	Q0	15186448	53	0.4885	Run_0
B.69	Q0	18431215	54	0.488	Run_0
B.69	Q0	11324708	55	0.488	Run_0
B.69	Q0	12193405	56	0.4775	Run_0
B.69	Q0	7001577	57	0.462	Run_0
B.69	Q0	2075330	58	0.407	Run_0
B.69	Q0	16383256	59	0.3585	Run_0
B.69	Q0	77300	60	0.307	Run_0
B.69	Q0	18431204	61	0.3065	Run_0
B.69	Q0	25372757	62	0.2595	Run_0
B.69	Q0	18865928	63	0.257	Run_0
B.68	Q0	9290509	1	0.5	Run_0
B.68	Q0	26398957	2	0.5	Run_0
B.68	Q0	7910530	3	0.4995	Run_0
B.68	Q0	26830458	4	0.4995	Run_0
B.68	Q0	9302672	5	0.499	Run_0
B.68	Q0	20203636	6	0.499	Run_0
B.68	Q0	20397146	7	0.4985	Run_0
B.68	Q0	19361032	8	0.4985	Run_0
B.68	Q0	25014707	9	0.498	Run_0
B.68	Q0	24701926	10	0.498	Run_0
B.68	Q0	16528196	11	0.4975	Run_0
B.68	Q0	15639438	12	0.4975	Run_0
B.68	Q0	9355594	13	0.497	Run_0
B.68	Q0	11297364	14	0.497	Run_0
B.68	Q0	22460614	15	0.4965	Run_0
B.68	Q0	15593050	16	0.4965	Run_0
B.68	Q0	27764356	17	0.496	Run_0
B.68	Q0	16893013	18	0.496	Run_0
B.68	Q0	9355595	19	0.4955	Run_0
B.68	Q0	11601396	20	0.4955	Run_0
B.68	Q0	3223830	21	0.495	Run_0
B.68	Q0	16290442	22	0.4945	Run_0
B.68	Q0	15338962	23	0.4945	Run_0
B.68	Q0	21706310	24	0.494	Run_0
B.68	Q0	19689005	25	0.494	Run_0
B.68	Q0	17255544	26	0.4935	Run_0
B.68	Q0	20555821	27	0.493	Run_0
B.68	Q0	26398958	28	0.4925	Run_0
B.68	Q0	22851832	29	0.492	Run_0
B.68	Q0	15623674	30	0.492	Run_0
B.68	Q0	24035444	31	0.4915	Run_0
B.68	Q0	1062144	32	0.4915	Run_0
B.68	Q0	11823716	33	0.491	Run_0
B.68	Q0	16799745	34	0.4905	Run_0
B.68	Q0	16290443	35	0.4905	Run_0
B.68	Q0	9222695	36	0.49	Run_0
B.68	Q0	24050008	37	0.49	Run_0
B.68	Q0	17193503	38	0.4895	Run_0
B.68	Q0	16875982	39	0.4895	Run_0
B.68	Q0	8523189	40	0.489	Run_0
B.68	Q0	19846918	41	0.489	Run_0
B.68	Q0	1761002	42	0.4885	Run_0
B.68	Q0	21706313	43	0.488	Run_0
B.68	Q0	16530963	44	0.4875	Run_0
B.68	Q0	19844797	45	0.486	Run_0
B.68	Q0	24142631	46	0.4835	Run_0
B.68	Q0	19647660	47	0.482	Run_0
B.68	Q0	15634115	48	0.4805	Run_0
B.68	Q0	2878130	49	0.479	Run_0
B.68	Q0	19214794	50	0.4785	Run_0
B.50	Q0	19710332	1	0.939	Run_0
B.50	Q0	23359545	2	0.9135	Run_0
B.50	Q0	15962048	3	0.894	Run_0
B.50	Q0	7844403	4	0.8885	Run_0
B.50	Q0	18090964	5	0.873	Run_0
B.50	Q0	22263872	6	0.784	Run_0
B.50	Q0	22002769	7	0.764	Run_0
B.50	Q0	22480300	8	0.7495	Run_0
B.50	Q0	21516002	9	0.74	Run_0
B.50	Q0	19710333	10	0.706	Run_0
B.50	Q0	20524617	11	0.531	Run_0
B.50	Q0	6520110	12	0.5	Run_0
B.50	Q0	10671768	13	0.4995	Run_0
B.50	Q0	10077843	14	0.4995	Run_0
B.50	Q0	4902699	15	0.499	Run_0
B.50	Q0	11492486	16	0.499	Run_0
B.50	Q0	14978539	17	0.4985	Run_0
B.50	Q0	6520109	18	0.498	Run_0
B.50	Q0	2526880	19	0.498	Run_0
B.50	Q0	6520111	20	0.4975	Run_0
B.50	Q0	4658100	21	0.497	Run_0
B.50	Q0	13062615	22	0.497	Run_0
B.50	Q0	3477851	23	0.4965	Run_0
B.50	Q0	26650197	24	0.496	Run_0
B.50	Q0	2526895	25	0.496	Run_0
B.50	Q0	17253648	26	0.4955	Run_0
B.50	Q0	16198250	27	0.4955	Run_0
B.50	Q0	6520112	28	0.495	Run_0
B.50	Q0	4015354	29	0.495	Run_0
B.50	Q0	4306677	30	0.4945	Run_0
B.50	Q0	7698582	31	0.494	Run_0
B.50	Q0	6158710	32	0.494	Run_0
B.50	Q0	4401817	33	0.4935	Run_0
B.50	Q0	10490119	34	0.4935	Run_0
B.50	Q0	44252	35	0.493	Run_0
B.50	Q0	11111700	36	0.4925	Run_0
B.50	Q0	24514087	37	0.492	Run_0
B.50	Q0	22554894	38	0.492	Run_0
B.50	Q0	8411040	39	0.4915	Run_0
B.50	Q0	6520107	40	0.4915	Run_0
B.50	Q0	6520106	41	0.491	Run_0
B.50	Q0	19448047	42	0.491	Run_0
B.50	Q0	22234802	43	0.4905	Run_0
B.50	Q0	18310481	44	0.4905	Run_0
B.50	Q0	24530977	45	0.49	Run_0
B.50	Q0	15574891	46	0.49	Run_0
B.50	Q0	2760212	47	0.4895	Run_0
B.50	Q0	18795800	48	0.4895	Run_0
B.50	Q0	28233284	49	0.489	Run_0
B.50	Q0	22263873	50	0.489	Run_0
B.50	Q0	5050119	51	0.4885	Run_0
B.50	Q0	1807805	52	0.4885	Run_0
B.50	Q0	5563741	53	0.488	Run_0
B.50	Q0	14742096	54	0.488	Run_0
B.50	Q0	9845686	55	0.4875	Run_0
B.50	Q0	5738350	56	0.474	Run_0
B.50	Q0	15563163	57	0.4555	Run_0
B.50	Q0	25832234	58	0.4365	Run_0
B.50	Q0	59490	59	0.3955	Run_0
B.50	Q0	19973106	60	0.391	Run_0
B.47	Q0	23248163	1	0.5	Run_0
B.47	Q0	16746155	2	0.5	Run_0
B.47	Q0	24353161	3	0.4995	Run_0
B.47	Q0	14536946	4	0.4995	Run_0
B.47	Q0	4635738	5	0.499	Run_0
B.47	Q0	22978925	6	0.499	Run_0
B.47	Q0	22978926	7	0.4985	Run_0
B.47	Q0	14540931	8	0.4985	Run_0
B.47	Q0	2971620	9	0.498	Run_0
B.47	Q0	18295091	10	0.498	Run_0
B.47	Q0	24169001	11	0.4975	Run_0
B.47	Q0	16043279	12	0.4975	Run_0
B.47	Q0	24168996	13	0.497	Run_0
B.47	Q0	1908825	14	0.497	Run_0
B.47	Q0	24504708	15	0.4965	Run_0
B.47	Q0	13089425	16	0.4965	Run_0
B.47	Q0	6874222	17	0.496	Run_0
B.47	Q0	27584337	18	0.496	Run_0
B.47	Q0	20661175	19	0.4955	Run_0
B.47	Q0	12792752	20	0.4955	Run_0
B.47	Q0	22513225	21	0.495	Run_0
B.47	Q0	10562049	22	0.495	Run_0
B.47	Q0	7822311	23	0.4945	Run_0
B.47	Q0	24979047	24	0.4945	Run_0
B.47	Q0	15708162	25	0.494	Run_0
B.47	Q0	14687082	26	0.494	Run_0
B.47	Q0	23730626	27	0.4935	Run_0
B.47	Q0	19306994	28	0.4935	Run_0
B.47	Q0	1523518	29	0.493	Run_0
B.47	Q0	15146527	30	0.493	Run_0
B.47	Q0	21786914	31	0.4925	Run_0
B.47	Q0	19400295	32	0.4925	Run_0
B.47	Q0	25337487	33	0.492	Run_0
B.47	Q0	19997466	34	0.492	Run_0
B.47	Q0	16847782	35	0.4915	Run_0
B.47	Q0	12071574	36	0.4915	Run_0
B.47	Q0	4757697	37	0.491	Run_0
B.47	Q0	1063912	38	0.491	Run_0
B.47	Q0	3695780	39	0.4905	Run_0
B.47	Q0	18353074	40	0.4905	Run_0
B.47	Q0	5002894	41	0.49	Run_0
B.47	Q0	18510125	42	0.49	Run_0
B.47	Q0	545910	43	0.4895	Run_0
B.47	Q0	2971619	44	0.4895	Run_0
B.47	Q0	18402399	45	0.489	Run_0
B.47	Q0	10203925	46	0.489	Run_0
B.47	Q0	5747200	47	0.4885	Run_0
B.47	Q0	1063903	48	0.4885	Run_0
B.47	Q0	24839306	49	0.488	Run_0
B.47	Q0	12823553	50	0.488	Run_0
B.47	Q0	6114356	51	0.4395	Run_0
B.47	Q0	1352489	52	0.423	Run_0
B.47	Q0	5028783	53	0.3365	Run_0
B.44	Q0	16009468	1	0.5	Run_0
B.44	Q0	1057142	2	0.5	Run_0
B.44	Q0	25584068	3	0.4995	Run_0
B.44	Q0	22905593	4	0.4995	Run_0
B.44	Q0	22534957	5	0.499	Run_0
B.44	Q0	14378494	6	0.499	Run_0
B.44	Q0	5020428	7	0.4985	Run_0
B.44	Q0	1798805	8	0.4985	Run_0
B.44	Q0	24271120	9	0.498	Run_0
B.44	Q0	19459386	10	0.498	Run_0
B.44	Q0	8947730	11	0.4975	Run_0
B.44	Q0	20321907	12	0.4975	Run_0
B.44	Q0	22534959	13	0.497	Run_0
B.44	Q0	16600957	14	0.497	Run_0
B.44	Q0	8556373	15	0.4965	Run_0
B.44	Q0	6826853	16	0.4965	Run_0
B.44	Q0	8019268	17	0.496	Run_0
B.44	Q0	26792373	18	0.496	Run_0
B.44	Q0	24807333	19	0.4955	Run_0
B.44	Q0	15793701	20	0.4955	Run_0
B.44	Q0	1524664	21	0.495	Run_0
B.44	Q0	11526411	22	0.495	Run_0
B.44	Q0	24907383	23	0.4945	Run_0
B.44	Q0	16435553	24	0.4945	Run_0
B.44	Q0	7941080	25	0.494	Run_0
B.44	Q0	25915632	26	0.494	Run_0
B.44	Q0	3720704	27	0.4935	Run_0
B.44	Q0	3688055	28	0.4935	Run_0
B.44	Q0	25732607	29	0.493	Run_0
B.44	Q0	13881699	30	0.493	Run_0
B.44	Q0	28301426	31	0.4925	Run_0
B.44	Q0	1386384	32	0.4925	Run_0
B.44	Q0	8136094	33	0.492	Run_0
B.44	Q0	24468300	34	0.492	Run_0
B.44	Q0	2230829	35	0.4915	Run_0
B.44	Q0	9759737	36	0.491	Run_0
B.44	Q0	12690564	37	0.491	Run_0
B.44	Q0	24271118	38	0.4905	Run_0
B.44	Q0	18408261	39	0.4905	Run_0
B.44	Q0	175584	40	0.49	Run_0
B.44	Q0	11170817	41	0.49	Run_0
B.44	Q0	13966181	42	0.4895	Run_0
B.44	Q0	24701140	43	0.489	Run_0
B.44	Q0	4436392	44	0.4885	Run_0
B.44	Q0	25221080	45	0.4885	Run_0
B.44	Q0	13807521	46	0.488	Run_0
B.44	Q0	3086160	47	0.4875	Run_0
B.44	Q0	24165162	48	0.487	Run_0
B.44	Q0	8004210	49	0.4865	Run_0
B.36	Q0	15854716	1	0.5	Run_0
B.36	Q0	13296908	2	0.5	Run_0
B.36	Q0	24530094	3	0.4995	Run_0
B.36	Q0	208905	4	0.4995	Run_0
B.36	Q0	26263501	5	0.499	Run_0
B.36	Q0	14012965	6	0.499	Run_0
B.36	Q0	19811129	7	0.4985	Run_0
B.36	Q0	15854714	8	0.4985	Run_0
B.36	Q0	5187094	9	0.498	Run_0
B.36	Q0	27243769	10	0.498	Run_0
B.36	Q0	7910971	11	0.4975	Run_0
B.36	Q0	13296931	12	0.4975	Run_0
B.36	Q0	18757614	13	0.497	Run_0
B.36	Q0	10878992	14	0.497	Run_0
B.36	Q0	27950427	15	0.4965	Run_0
B.36	Q0	14012952	16	0.4965	Run_0
B.36	Q0	9262373	17	0.496	Run_0
B.36	Q0	27302643	18	0.496	Run_0
B.36	Q0	14394614	19	0.4955	Run_0
B.36	Q0	13085527	20	0.4955	Run_0
B.36	Q0	3546003	21	0.495	Run_0
B.36	Q0	25834160	22	0.495	Run_0
B.36	Q0	16827119	23	0.4945	Run_0
B.36	Q0	10622187	24	0.4945	Run_0
B.36	Q0	7910970	25	0.494	Run_0
B.36	Q0	10208099	26	0.494	Run_0
B.36	Q0	27920366	27	0.4935	Run_0
B.36	Q0	22504897	28	0.4935	Run_0
B.36	Q0	68349	29	0.493	Run_0
B.36	Q0	11373622	30	0.493	Run_0
B.36	Q0	27287750	31	0.4925	Run_0
B.36	Q0	2724997	32	0.4925	Run_0
B.36	Q0	2651992	33	0.492	Run_0
B.36	Q0	22525520	34	0.492	Run_0
B.36	Q0	2819588	35	0.4915	Run_0
B.36	Q0	19824172	36	0.4915	Run_0
B.36	Q0	24534506	37	0.491	Run_0
B.36	Q0	20363815	38	0.491	Run_0
B.36	Q0	13876816	39	0.4905	Run_0
B.36	Q0	12029907	40	0.4905	Run_0
B.36	Q0	3108242	41	0.49	Run_0
B.36	Q0	24534509	42	0.49	Run_0
B.36	Q0	8282387	43	0.4895	Run_0
B.36	Q0	25250840	44	0.4895	Run_0
B.36	Q0	8282383	45	0.489	Run_0
B.36	Q0	26360952	46	0.489	Run_0
B.36	Q0	14400675	47	0.4885	Run_0
B.36	Q0	13085532	48	0.4885	Run_0
B.36	Q0	26151575	49	0.488	Run_0
B.36	Q0	13522188	50	0.488	Run_0
B.36	Q0	22976292	51	0.483	Run_0
B.11	Q0	11360622	1	0.5	Run_0
B.11	Q0	10029490	2	0.5	Run_0
B.11	Q0	2905073	3	0.4995	Run_0
B.11	Q0	11360628	4	0.4995	Run_0
B.11	Q0	9687111	5	0.499	Run_0
B.11	Q0	20533013	6	0.499	Run_0
B.11	Q0	14590137	7	0.4985	Run_0
B.11	Q0	4695494	8	0.498	Run_0
B.11	Q0	22007325	9	0.4975	Run_0
B.11	Q0	14169925	10	0.4975	Run_0
B.11	Q0	6153389	11	0.497	Run_0
B.11	Q0	1442184	12	0.4965	Run_0
B.11	Q0	22007327	13	0.496	Run_0
B.11	Q0	25419322	14	0.4955	Run_0
B.11	Q0	21198689	15	0.495	Run_0
B.11	Q0	16796288	16	0.494	Run_0
B.11	Q0	18322934	17	0.4935	Run_0
B.11	Q0	7925408	18	0.493	Run_0
B.11	Q0	11360633	19	0.4925	Run_0
B.11	Q0	22007328	20	0.492	Run_0
B.11	Q0	1560254	21	0.4915	Run_0
B.11	Q0	27044658	22	0.4905	Run_0
B.11	Q0	26021972	23	0.4905	Run_0
B.11	Q0	16796286	24	0.49	Run_0
B.11	Q0	24526997	25	0.4895	Run_0
B.11	Q0	17801661	26	0.4895	Run_0
B.11	Q0	10416248	27	0.489	Run_0
B.11	Q0	9635925	28	0.4885	Run_0
B.11	Q0	18696411	29	0.4885	Run_0
B.11	Q0	19335632	30	0.488	Run_0
B.11	Q0	21914972	31	0.4875	Run_0
B.11	Q0	1442183	32	0.487	Run_0
B.11	Q0	26000844	33	0.486	Run_0
B.11	Q0	24768068	34	0.485	Run_0
B.11	Q0	12517060	35	0.483	Run_0
B.11	Q0	16401255	36	0.4805	Run_0
B.11	Q0	11139190	37	0.4795	Run_0
B.11	Q0	24142864	38	0.472	Run_0
B.11	Q0	7426082	39	0.464	Run_0
B.11	Q0	27833185	40	0.455	Run_0
B.11	Q0	24626058	41	0.454	Run_0
B.11	Q0	11875444	42	0.445	Run_0
B.11	Q0	23794337	43	0.4415	Run_0
B.11	Q0	25417794	44	0.438	Run_0
B.11	Q0	1517303	45	0.4185	Run_0
B.11	Q0	5778833	46	0.417	Run_0
B.11	Q0	14855008	47	0.4115	Run_0
B.11	Q0	21775662	48	0.4105	Run_0
B.11	Q0	26248374	49	0.4035	Run_0
B.11	Q0	9115717	50	0.403	Run_0
B.11	Q0	4120900	51	0.3575	Run_0
B.11	Q0	11212758	52	0.264	Run_0
B.60	Q0	3088392	1	0.5	Run_0
B.60	Q0	10561405	2	0.5	Run_0
B.60	Q0	8369625	3	0.4995	Run_0
B.60	Q0	24145947	4	0.4995	Run_0
B.60	Q0	3278983	5	0.499	Run_0
B.60	Q0	24186013	6	0.499	Run_0
B.60	Q0	7587030	7	0.4985	Run_0
B.60	Q0	10090627	8	0.4985	Run_0
B.60	Q0	20207793	9	0.498	Run_0
B.60	Q0	10901045	10	0.498	Run_0
B.60	Q0	8121189	11	0.4975	Run_0
B.60	Q0	14353325	12	0.4975	Run_0
B.60	Q0	20327772	13	0.497	Run_0
B.60	Q0	19043820	14	0.497	Run_0
B.60	Q0	8883673	15	0.4965	Run_0
B.60	Q0	28119357	16	0.4965	Run_0
B.60	Q0	17010234	17	0.496	Run_0
B.60	Q0	12712063	18	0.496	Run_0
B.60	Q0	18757614	19	0.4955	Run_0
B.60	Q0	14432166	20	0.4955	Run_0
B.60	Q0	14077496	21	0.495	Run_0
B.60	Q0	10802798	22	0.495	Run_0
B.60	Q0	23561214	23	0.4945	Run_0
B.60	Q0	17209367	24	0.4945	Run_0
B.60	Q0	10960771	25	0.494	Run_0
B.60	Q0	10037785	26	0.494	Run_0
B.60	Q0	18725245	27	0.4935	Run_0
B.60	Q0	14351770	28	0.4935	Run_0
B.60	Q0	14915124	29	0.493	Run_0
B.60	Q0	11323096	30	0.493	Run_0
B.60	Q0	26987097	31	0.4925	Run_0
B.60	Q0	25688180	32	0.4925	Run_0
B.60	Q0	297736	33	0.492	Run_0
B.60	Q0	20197010	34	0.492	Run_0
B.60	Q0	5493709	35	0.4915	Run_0
B.60	Q0	2674813	36	0.4915	Run_0
B.60	Q0	22510235	37	0.491	Run_0
B.60	Q0	10255969	38	0.491	Run_0
B.60	Q0	18915972	39	0.4905	Run_0
B.60	Q0	18118938	40	0.4905	Run_0
B.60	Q0	21961939	41	0.49	Run_0
B.60	Q0	1025429	42	0.49	Run_0
B.60	Q0	9049701	43	0.4895	Run_0
B.60	Q0	14579420	44	0.4895	Run_0
B.60	Q0	9499447	45	0.489	Run_0
B.60	Q0	18656093	46	0.489	Run_0
B.60	Q0	9608305	47	0.4885	Run_0
B.60	Q0	2032684	48	0.4885	Run_0
B.60	Q0	2603594	49	0.488	Run_0
B.60	Q0	25600900	50	0.488	Run_0
B.60	Q0	25348849	51	0.4745	Run_0
B.60	Q0	21952131	52	0.3645	Run_0
B.60	Q0	5208737	53	0.349	Run_0
B.60	Q0	10915852	54	0.3415	Run_0
B.60	Q0	12076343	55	0.3275	Run_0
B.60	Q0	11053550	56	0.286	Run_0
B.60	Q0	9598740	57	0.2855	Run_0
B.60	Q0	5745708	58	0.2655	Run_0
B.29	Q0	4922894	1	0.829	Run_0
B.29	Q0	26978423	2	0.6215	Run_0
B.29	Q0	15666266	3	0.5795	Run_0
B.29	Q0	7646665	4	0.5	Run_0
B.29	Q0	6198198	5	0.5	Run_0
B.29	Q0	6983585	6	0.4995	Run_0
B.29	Q0	10291042	7	0.4995	Run_0
B.29	Q0	9313536	8	0.499	Run_0
B.29	Q0	7263616	9	0.499	Run_0
B.29	Q0	6381055	10	0.4985	Run_0
B.29	Q0	18710370	11	0.4985	Run_0
B.29	Q0	22553756	12	0.498	Run_0
B.29	Q0	20323937	13	0.498	Run_0
B.29	Q0	6054915	14	0.4975	Run_0
B.29	Q0	23056991	15	0.4975	Run_0
B.29	Q0	22506160	16	0.497	Run_0
B.29	Q0	14683884	17	0.497	Run_0
B.29	Q0	2650123	18	0.4965	Run_0
B.29	Q0	21802589	19	0.4965	Run_0
B.29	Q0	8780351	20	0.496	Run_0
B.29	Q0	11228259	21	0.496	Run_0
B.29	Q0	8424091	22	0.4955	Run_0
B.29	Q0	26396746	23	0.4955	Run_0
B.29	Q0	24353988	24	0.495	Run_0
B.29	Q0	10247006	25	0.495	Run_0
B.29	Q0	15667449	26	0.4945	Run_0
B.29	Q0	14777523	27	0.4945	Run_0
B.29	Q0	15472190	28	0.494	Run_0
B.29	Q0	10473387	29	0.494	Run_0
B.29	Q0	18293037	30	0.4935	Run_0
B.29	Q0	12908003	31	0.4935	Run_0
B.29	Q0	7567414	32	0.493	Run_0
B.29	Q0	24342843	33	0.493	Run_0
B.29	Q0	27796641	34	0.4925	Run_0
B.29	Q0	12663669	35	0.4925	Run_0
B.29	Q0	9636939	36	0.492	Run_0
B.29	Q0	9596259	37	0.492	Run_0
B.29	Q0	7886319	38	0.4915	Run_0
B.29	Q0	7456490	39	0.4915	Run_0
B.29	Q0	23129108	40	0.491	Run_0
B.29	Q0	20944069	41	0.491	Run_0
B.29	Q0	25454374	42	0.4905	Run_0
B.29	Q0	11073456	43	0.4905	Run_0
B.29	Q0	23111344	44	0.49	Run_0
B.29	Q0	21703394	45	0.49	Run_0
B.29	Q0	21711072	46	0.4895	Run_0
B.29	Q0	14287778	47	0.4895	Run_0
B.29	Q0	16999391	48	0.489	Run_0
B.29	Q0	19903115	49	0.4885	Run_0
B.29	Q0	23763239	50	0.488	Run_0
B.29	Q0	23603376	51	0.488	Run_0
B.29	Q0	14571550	52	0.4875	Run_0
B.29	Q0	27620142	53	0.487	Run_0
B.83	Q0	1479972	1	0.6965	Run_0
B.83	Q0	20546083	2	0.5	Run_0
B.83	Q0	20532320	3	0.5	Run_0
B.83	Q0	21506743	4	0.4995	Run_0
B.83	Q0	14352552	5	0.4995	Run_0
B.83	Q0	23465917	6	0.499	Run_0
B.83	Q0	21875243	7	0.499	Run_0
B.83	Q0	21875244	8	0.4985	Run_0
B.83	Q0	1724617	9	0.4985	Run_0
B.83	Q0	8937260	10	0.498	Run_0
B.83	Q0	12494145	11	0.498	Run_0
B.83	Q0	4881844	12	0.4975	Run_0
B.83	Q0	26236369	13	0.4975	Run_0
B.83	Q0	27744591	14	0.497	Run_0
B.83	Q0	23927557	15	0.497	Run_0
B.83	Q0	19968556	16	0.4965	Run_0
B.83	Q0	13432425	17	0.4965	Run_0
B.83	Q0	25383050	18	0.496	Run_0
B.83	Q0	16757797	19	0.496	Run_0
B.83	Q0	2825396	20	0.4955	Run_0
B.83	Q0	16298450	21	0.4955	Run_0
B.83	Q0	9070850	22	0.495	Run_0
B.83	Q0	18065605	23	0.4945	Run_0
B.83	Q0	11432713	24	0.4945	Run_0
B.83	Q0	5972769	25	0.494	Run_0
B.83	Q0	20037526	26	0.494	Run_0
B.83	Q0	33110	27	0.4935	Run_0
B.83	Q0	22091136	28	0.4935	Run_0
B.83	Q0	19811789	29	0.493	Run_0
B.83	Q0	15644940	30	0.493	Run_0
B.83	Q0	2241664	31	0.4925	Run_0
B.83	Q0	19982150	32	0.4925	Run_0
B.83	Q0	7270976	33	0.492	Run_0
B.83	Q0	6363569	34	0.492	Run_0
B.83	Q0	21930933	35	0.4915	Run_0
B.83	Q0	12953696	36	0.4915	Run_0
B.83	Q0	25368774	37	0.491	Run_0
B.83	Q0	17843141	38	0.491	Run_0
B.83	Q0	5209355	39	0.4905	Run_0
B.83	Q0	3584013	40	0.4905	Run_0
B.83	Q0	25269200	41	0.49	Run_0
B.83	Q0	25091288	42	0.49	Run_0
B.83	Q0	22443741	43	0.4895	Run_0
B.83	Q0	22274503	44	0.4895	Run_0
B.83	Q0	9186879	45	0.489	Run_0
B.83	Q0	10055741	46	0.489	Run_0
B.83	Q0	14625658	47	0.4885	Run_0
B.83	Q0	12045330	48	0.4885	Run_0
B.83	Q0	27075065	49	0.488	Run_0
B.83	Q0	18131829	50	0.488	Run_0
B.83	Q0	7440701	51	0.4875	Run_0
B.83	Q0	5202622	52	0.478	Run_0
B.83	Q0	1887187	53	0.475	Run_0
B.83	Q0	16769618	54	0.474	Run_0
B.83	Q0	10222872	55	0.462	Run_0
B.83	Q0	11166827	56	0.4615	Run_0
B.83	Q0	20227609	57	0.4235	Run_0
B.83	Q0	6490971	58	0.4155	Run_0
B.83	Q0	25269187	59	0.412	Run_0
B.83	Q0	7845014	60	0.3635	Run_0
B.83	Q0	7440702	61	0.2535	Run_0
B.63	Q0	2554652	1	0.5	Run_0
B.63	Q0	10009430	2	0.5	Run_0
B.63	Q0	9773764	3	0.4995	Run_0
B.63	Q0	13588023	4	0.4995	Run_0
B.63	Q0	8686011	5	0.499	Run_0
B.63	Q0	5673236	6	0.499	Run_0
B.63	Q0	2842166	7	0.4985	Run_0
B.63	Q0	21426020	8	0.4985	Run_0
B.63	Q0	27627709	9	0.498	Run_0
B.63	Q0	10009431	10	0.498	Run_0
B.63	Q0	21839935	11	0.4975	Run_0
B.63	Q0	8881857	12	0.497	Run_0
B.63	Q0	20053477	13	0.497	Run_0
B.63	Q0	24412308	14	0.4965	Run_0
B.63	Q0	16252969	15	0.4965	Run_0
B.63	Q0	24312467	16	0.496	Run_0
B.63	Q0	22975035	17	0.496	Run_0
B.63	Q0	2554654	18	0.4955	Run_0
B.63	Q0	22613887	19	0.4955	Run_0
B.63	Q0	17542985	20	0.495	Run_0
B.63	Q0	7950060	21	0.4945	Run_0
B.63	Q0	9499159	22	0.494	Run_0
B.63	Q0	2554647	23	0.494	Run_0
B.63	Q0	23438146	24	0.4935	Run_0
B.63	Q0	10423244	25	0.4935	Run_0
B.63	Q0	1994458	26	0.493	Run_0
B.63	Q0	10167288	27	0.493	Run_0
B.63	Q0	26621736	28	0.4925	Run_0
B.63	Q0	10009432	29	0.4925	Run_0
B.63	Q0	4241892	30	0.492	Run_0
B.63	Q0	25663013	31	0.492	Run_0
B.63	Q0	813011	32	0.4915	Run_0
B.63	Q0	25663003	33	0.4915	Run_0
B.63	Q0	7630996	34	0.491	Run_0
B.63	Q0	10423271	35	0.491	Run_0
B.63	Q0	5078891	36	0.4905	Run_0
B.63	Q0	24412307	37	0.4905	Run_0
B.63	Q0	2491691	38	0.49	Run_0
B.63	Q0	24287854	39	0.49	Run_0
B.63	Q0	13971072	40	0.4895	Run_0
B.63	Q0	13281243	41	0.4895	Run_0
B.63	Q0	1732501	42	0.489	Run_0
B.63	Q0	10326288	43	0.489	Run_0
B.63	Q0	218001	44	0.4885	Run_0
B.63	Q0	11634560	45	0.4885	Run_0
B.63	Q0	21081936	46	0.488	Run_0
B.63	Q0	10423249	47	0.488	Run_0
B.63	Q0	10423163	48	0.4875	Run_0
B.63	Q0	26792602	49	0.487	Run_0
B.63	Q0	1395281	50	0.4865	Run_0
B.63	Q0	24412301	51	0.306	Run_0
B.77	Q0	3892628	1	0.5	Run_0
B.77	Q0	20222026	2	0.5	Run_0
B.77	Q0	6888721	3	0.4995	Run_0
B.77	Q0	1107379	4	0.4995	Run_0
B.77	Q0	15334468	5	0.499	Run_0
B.77	Q0	14362120	6	0.499	Run_0
B.77	Q0	8	7	0.4985	Run_0
B.77	Q0	27855282	8	0.4985	Run_0
B.77	Q0	21604147	9	0.498	Run_0
B.77	Q0	6080984	10	0.4975	Run_0
B.77	Q0	11235536	11	0.4975	Run_0
B.77	Q0	5938392	12	0.497	Run_0
B.77	Q0	27331717	13	0.497	Run_0
B.77	Q0	9307911	14	0.4965	Run_0
B.77	Q0	8700360	15	0.4965	Run_0
B.77	Q0	20397439	16	0.496	Run_0
B.77	Q0	16420341	17	0.496	Run_0
B.77	Q0	3550464	18	0.4955	Run_0
B.77	Q0	22406600	19	0.4955	Run_0
B.77	Q0	20397146	20	0.495	Run_0
B.77	Q0	19023598	21	0.495	Run_0
B.77	Q0	21524628	22	0.4945	Run_0
B.77	Q0	11576419	23	0.4945	Run_0
B.77	Q0	22746912	24	0.494	Run_0
B.77	Q0	11557751	25	0.494	Run_0
B.77	Q0	28218673	26	0.4935	Run_0
B.77	Q0	26033351	27	0.4935	Run_0
B.77	Q0	26005203	28	0.493	Run_0
B.77	Q0	21869006	29	0.493	Run_0
B.77	Q0	6334552	30	0.4925	Run_0
B.77	Q0	21284395	31	0.4925	Run_0
B.77	Q0	105	32	0.492	Run_0
B.77	Q0	10167288	33	0.492	Run_0
B.77	Q0	19100060	34	0.4915	Run_0
B.77	Q0	14516763	35	0.4915	Run_0
B.77	Q0	19265761	36	0.491	Run_0
B.77	Q0	18277637	37	0.491	Run_0
B.77	Q0	27608798	38	0.4905	Run_0
B.77	Q0	17087370	39	0.4905	Run_0
B.77	Q0	16272072	40	0.49	Run_0
B.77	Q0	15446090	41	0.49	Run_0
B.77	Q0	23979	42	0.4895	Run_0
B.77	Q0	1505101	43	0.4895	Run_0
B.77	Q0	7379608	44	0.489	Run_0
B.77	Q0	26185514	45	0.489	Run_0
B.77	Q0	11754057	46	0.4885	Run_0
B.77	Q0	26920561	47	0.488	Run_0
B.77	Q0	17689199	48	0.488	Run_0
B.77	Q0	28245209	49	0.4875	Run_0
B.77	Q0	10397178	50	0.487	Run_0
B.89	Q0	17296356	1	0.664	Run_0
B.89	Q0	6535210	2	0.6075	Run_0
B.89	Q0	19624661	3	0.5	Run_0
B.89	Q0	106	4	0.5	Run_0
B.89	Q0	65	5	0.4995	Run_0
B.89	Q0	6359587	6	0.4995	Run_0
B.89	Q0	34	7	0.499	Run_0
B.89	Q0	16220139	8	0.499	Run_0
B.89	Q0	9269979	9	0.4985	Run_0
B.89	Q0	24830566	10	0.4985	Run_0
B.89	Q0	33	11	0.498	Run_0
B.89	Q0	20238168	12	0.498	Run_0
B.89	Q0	9869433	13	0.4975	Run_0
B.89	Q0	14459463	14	0.4975	Run_0
B.89	Q0	9478804	15	0.497	Run_0
B.89	Q0	24893156	16	0.497	Run_0
B.89	Q0	1770673	17	0.4965	Run_0
B.89	Q0	14289106	18	0.4965	Run_0
B.89	Q0	22189960	19	0.496	Run_0
B.89	Q0	16395232	20	0.496	Run_0
B.89	Q0	1786002	21	0.4955	Run_0
B.89	Q0	12577767	22	0.4955	Run_0
B.89	Q0	19284171	23	0.495	Run_0
B.89	Q0	12918683	24	0.495	Run_0
B.89	Q0	19554884	25	0.4945	Run_0
B.89	Q0	16033753	26	0.4945	Run_0
B.89	Q0	26592404	27	0.494	Run_0
B.89	Q0	20390512	28	0.494	Run_0
B.89	Q0	23857867	29	0.4935	Run_0
B.89	Q0	14847757	30	0.4935	Run_0
B.89	Q0	17943044	31	0.493	Run_0
B.89	Q0	13789422	32	0.493	Run_0
B.89	Q0	9163612	33	0.4925	Run_0
B.89	Q0	16139272	34	0.4925	Run_0
B.89	Q0	7770355	35	0.492	Run_0
B.89	Q0	17786947	36	0.492	Run_0
B.89	Q0	18553676	37	0.4915	Run_0
B.89	Q0	10980852	38	0.4915	Run_0
B.89	Q0	26471571	39	0.491	Run_0
B.89	Q0	21670425	40	0.491	Run_0
B.89	Q0	24784735	41	0.4905	Run_0
B.89	Q0	18970925	42	0.4905	Run_0
B.89	Q0	4990472	43	0.49	Run_0
B.89	Q0	15134495	44	0.49	Run_0
B.89	Q0	17650369	45	0.4895	Run_0
B.89	Q0	10374747	46	0.4895	Run_0
B.89	Q0	24796820	47	0.489	Run_0
B.89	Q0	14467602	48	0.489	Run_0
B.89	Q0	25502836	49	0.4885	Run_0
B.89	Q0	1908467	50	0.4885	Run_0
B.89	Q0	17410900	51	0.488	Run_0
B.56	Q0	2905076	1	0.5	Run_0
B.56	Q0	17892549	2	0.5	Run_0
B.56	Q0	17892541	3	0.4995	Run_0
B.56	Q0	13711667	4	0.4995	Run_0
B.56	Q0	23807964	5	0.499	Run_0
B.56	Q0	10195579	6	0.499	Run_0
B.56	Q0	13711665	7	0.4985	Run_0
B.56	Q0	9757754	8	0.498	Run_0
B.56	Q0	20614787	9	0.498	Run_0
B.56	Q0	14838484	10	0.4975	Run_0
B.56	Q0	4452428	11	0.497	Run_0
B.56	Q0	16688864	12	0.497	Run_0
B.56	Q0	7988300	13	0.4965	Run_0
B.56	Q0	301436	14	0.496	Run_0
B.56	Q0	24606391	15	0.4955	Run_0
B.56	Q0	16401255	16	0.4955	Run_0
B.56	Q0	22408177	17	0.495	Run_0
B.56	Q0	10649864	18	0.4945	Run_0
B.56	Q0	27683224	19	0.494	Run_0
B.56	Q0	2324580	20	0.4935	Run_0
B.56	Q0	21391915	21	0.493	Run_0
B.56	Q0	14265419	22	0.4925	Run_0
B.56	Q0	24699287	23	0.492	Run_0
B.56	Q0	24699290	24	0.4915	Run_0
B.56	Q0	26640643	25	0.491	Run_0
B.56	Q0	8589036	26	0.4905	Run_0
B.56	Q0	6951436	27	0.49	Run_0
B.56	Q0	14033324	28	0.4895	Run_0
B.56	Q0	9450741	29	0.4885	Run_0
B.56	Q0	4857529	30	0.488	Run_0
B.56	Q0	14692607	31	0.488	Run_0
B.56	Q0	6673055	32	0.4875	Run_0
B.56	Q0	7516416	33	0.485	Run_0
B.56	Q0	9152491	34	0.4785	Run_0
B.56	Q0	1517303	35	0.477	Run_0
B.56	Q0	20668846	36	0.468	Run_0
B.56	Q0	9635925	37	0.4615	Run_0
B.56	Q0	17917510	38	0.4585	Run_0
B.56	Q0	9687111	39	0.455	Run_0
B.56	Q0	27436642	40	0.453	Run_0
B.56	Q0	7632597	41	0.4505	Run_0
B.56	Q0	11199160	42	0.4445	Run_0
B.56	Q0	15968776	43	0.444	Run_0
B.56	Q0	26234567	44	0.4435	Run_0
B.56	Q0	3413135	45	0.441	Run_0
B.56	Q0	28030787	46	0.4385	Run_0
B.56	Q0	19793901	47	0.4255	Run_0
B.56	Q0	27893088	48	0.422	Run_0
B.56	Q0	24189331	49	0.4215	Run_0
B.56	Q0	21917645	50	0.346	Run_0
B.56	Q0	11375309	51	0.2975	Run_0
B.56	Q0	11286557	52	0.297	Run_0
B.56	Q0	11373949	53	0.294	Run_0
B.45	Q0	4946558	1	0.818	Run_0
B.45	Q0	28034984	2	0.5125	Run_0
B.45	Q0	8751155	3	0.5	Run_0
B.45	Q0	1226996	4	0.5	Run_0
B.45	Q0	3786241	5	0.4995	Run_0
B.45	Q0	26183270	6	0.4995	Run_0
B.45	Q0	26183257	7	0.499	Run_0
B.45	Q0	12881455	8	0.499	Run_0
B.45	Q0	4614207	9	0.4985	Run_0
B.45	Q0	27644043	10	0.4985	Run_0
B.45	Q0	28175697	11	0.498	Run_0
B.45	Q0	14643046	12	0.498	Run_0
B.45	Q0	15064249	13	0.4975	Run_0
B.45	Q0	12764701	14	0.4975	Run_0
B.45	Q0	26509378	15	0.497	Run_0
B.45	Q0	5892136	16	0.4965	Run_0
B.45	Q0	5880575	17	0.4965	Run_0
B.45	Q0	7112011	18	0.496	Run_0
B.45	Q0	10253643	19	0.496	Run_0
B.45	Q0	10211874	20	0.4955	Run_0
B.45	Q0	17460864	21	0.495	Run_0
B.45	Q0	17239016	22	0.495	Run_0
B.45	Q0	17032639	23	0.4945	Run_0
B.45	Q0	11204523	24	0.4945	Run_0
B.45	Q0	17824651	25	0.494	Run_0
B.45	Q0	9911905	26	0.4935	Run_0
B.45	Q0	22485124	27	0.4935	Run_0
B.45	Q0	16451861	28	0.493	Run_0
B.45	Q0	15757146	29	0.493	Run_0
B.45	Q0	22625287	30	0.4925	Run_0
B.45	Q0	14220266	31	0.4925	Run_0
B.45	Q0	22779850	32	0.492	Run_0
B.45	Q0	13210791	33	0.492	Run_0
B.45	Q0	4921426	34	0.4915	Run_0
B.45	Q0	19499316	35	0.4915	Run_0
B.45	Q0	7998881	36	0.491	Run_0
B.45	Q0	4614208	37	0.491	Run_0
B.45	Q0	18196073	38	0.4905	Run_0
B.45	Q0	11330425	39	0.4905	Run_0
B.45	Q0	9911910	40	0.49	Run_0
B.45	Q0	17930105	41	0.49	Run_0
B.45	Q0	6493509	42	0.4895	Run_0
B.45	Q0	16488083	43	0.4895	Run_0
B.45	Q0	24312070	44	0.489	Run_0
B.45	Q0	15963858	45	0.489	Run_0
B.45	Q0	19499319	46	0.4885	Run_0
B.45	Q0	15595874	47	0.4885	Run_0
B.45	Q0	19801902	48	0.488	Run_0
B.45	Q0	16173118	49	0.488	Run_0
B.45	Q0	21787989	50	0.4875	Run_0
B.45	Q0	12084374	51	0.487	Run_0
B.45	Q0	15419023	52	0.298	Run_0
B.86	Q0	13309006	1	0.936	Run_0
B.86	Q0	5595226	2	0.922	Run_0
B.86	Q0	20022753	3	0.9125	Run_0
B.86	Q0	3063599	4	0.8905	Run_0
B.86	Q0	18186320	5	0.887	Run_0
B.86	Q0	25740388	6	0.8245	Run_0
B.86	Q0	6030088	7	0.821	Run_0
B.86	Q0	4433262	8	0.8075	Run_0
B.86	Q0	10314225	9	0.783	Run_0
B.86	Q0	13018515	10	0.7705	Run_0
B.86	Q0	25649820	11	0.5765	Run_0
B.86	Q0	4226924	12	0.5465	Run_0
B.86	Q0	12803351	13	0.5	Run_0
B.86	Q0	12090705	14	0.5	Run_0
B.86	Q0	22569923	15	0.4995	Run_0
B.86	Q0	21494510	16	0.4995	Run_0
B.86	Q0	4402503	17	0.499	Run_0
B.86	Q0	1157182	18	0.499	Run_0
B.86	Q0	27978260	19	0.4985	Run_0
B.86	Q0	13306190	20	0.4985	Run_0
B.86	Q0	24663237	21	0.498	Run_0
B.86	Q0	1157183	22	0.498	Run_0
B.86	Q0	18395689	23	0.4975	Run_0
B.86	Q0	16608299	24	0.4975	Run_0
B.86	Q0	10525096	25	0.497	Run_0
B.86	Q0	22561814	26	0.4965	Run_0
B.86	Q0	20657447	27	0.496	Run_0
B.86	Q0	1150448	28	0.496	Run_0
B.86	Q0	17865170	29	0.4955	Run_0
B.86	Q0	11840887	30	0.4955	Run_0
B.86	Q0	24663234	31	0.495	Run_0
B.86	Q0	17865168	32	0.495	Run_0
B.86	Q0	27206752	33	0.4945	Run_0
B.86	Q0	1157188	34	0.4945	Run_0
B.86	Q0	27789908	35	0.494	Run_0
B.86	Q0	3310867	36	0.4935	Run_0
B.86	Q0	13020234	37	0.4935	Run_0
B.86	Q0	7229986	38	0.493	Run_0
B.86	Q0	1418864	39	0.493	Run_0
B.86	Q0	25649818	40	0.4925	Run_0
B.86	Q0	1270256	41	0.4925	Run_0
B.86	Q0	19956434	42	0.492	Run_0
B.86	Q0	6169082	43	0.4915	Run_0
B.86	Q0	25904421	44	0.4915	Run_0
B.86	Q0	24988407	45	0.491	Run_0
B.86	Q0	12039935	46	0.491	Run_0
B.86	Q0	7716634	47	0.4905	Run_0
B.86	Q0	22003675	48	0.4905	Run_0
B.86	Q0	25682106	49	0.49	Run_0
B.86	Q0	25310727	50	0.49	Run_0
B.86	Q0	7548845	51	0.4895	Run_0
B.86	Q0	3777965	52	0.4895	Run_0
B.86	Q0	27662533	53	0.489	Run_0
B.86	Q0	2545928	54	0.489	Run_0
B.86	Q0	26645117	55	0.4885	Run_0
B.86	Q0	10810942	56	0.4885	Run_0
B.86	Q0	23770392	57	0.488	Run_0
B.86	Q0	16049989	58	0.488	Run_0
B.86	Q0	10182962	59	0.476	Run_0
B.86	Q0	18890626	60	0.432	Run_0
B.86	Q0	3470000	61	0.364	Run_0
B.86	Q0	23007285	62	0.355	Run_0
B.70	Q0	12939338	1	0.959	Run_0
B.70	Q0	18090964	2	0.897	Run_0
B.70	Q0	20524617	3	0.874	Run_0
B.70	Q0	23490307	4	0.8195	Run_0
B.70	Q0	23490302	5	0.731	Run_0
B.70	Q0	18156499	6	0.717	Run_0
B.70	Q0	21776366	7	0.693	Run_0
B.70	Q0	11941712	8	0.6825	Run_0
B.70	Q0	16633619	9	0.6815	Run_0
B.70	Q0	18648772	10	0.681	Run_0
B.70	Q0	26134043	11	0.5	Run_0
B.70	Q0	10077843	12	0.5	Run_0
B.70	Q0	23859560	13	0.4995	Run_0
B.70	Q0	23551486	14	0.4995	Run_0
B.70	Q0	24827364	15	0.499	Run_0
B.70	Q0	11402559	16	0.499	Run_0
B.70	Q0	4914891	17	0.4985	Run_0
B.70	Q0	22396920	18	0.4985	Run_0
B.70	Q0	17660417	19	0.498	Run_0
B.70	Q0	12483813	20	0.4975	Run_0
B.70	Q0	11377077	21	0.4975	Run_0
B.70	Q0	27812274	22	0.497	Run_0
B.70	Q0	12483801	23	0.497	Run_0
B.70	Q0	8798320	24	0.4965	Run_0
B.70	Q0	13062615	25	0.4965	Run_0
B.70	Q0	8566503	26	0.496	Run_0
B.70	Q0	17230459	27	0.496	Run_0
B.70	Q0	3090243	28	0.4955	Run_0
B.70	Q0	23559361	29	0.4955	Run_0
B.70	Q0	11492486	30	0.495	Run_0
B.70	Q0	17187046	31	0.4945	Run_0
B.70	Q0	16765826	32	0.4945	Run_0
B.70	Q0	22554894	33	0.494	Run_0
B.70	Q0	11214527	34	0.494	Run_0
B.70	Q0	8671834	35	0.4935	Run_0
B.70	Q0	12483808	36	0.4935	Run_0
B.70	Q0	6026166	37	0.493	Run_0
B.70	Q0	16385374	38	0.493	Run_0
B.70	Q0	24827380	39	0.4925	Run_0
B.70	Q0	11072877	40	0.4925	Run_0
B.70	Q0	7727021	41	0.492	Run_0
B.70	Q0	11072878	42	0.4915	Run_0
B.70	Q0	12021074	43	0.491	Run_0
B.70	Q0	17253648	44	0.4905	Run_0
B.70	Q0	590522	45	0.49	Run_0
B.70	Q0	26482667	46	0.49	Run_0
B.70	Q0	28100813	47	0.4895	Run_0
B.70	Q0	18817534	48	0.4895	Run_0
B.70	Q0	5964012	49	0.489	Run_0
B.70	Q0	25930218	50	0.489	Run_0
B.70	Q0	3595429	51	0.4885	Run_0
B.70	Q0	18795800	52	0.4885	Run_0
B.70	Q0	7560648	53	0.488	Run_0
B.70	Q0	1455184	54	0.488	Run_0
B.70	Q0	14362102	55	0.4875	Run_0
B.70	Q0	8566494	56	0.487	Run_0
B.70	Q0	23607000	57	0.458	Run_0
B.70	Q0	20145242	58	0.386	Run_0
B.70	Q0	10850786	59	0.367	Run_0
B.70	Q0	20000251	60	0.3585	Run_0
B.70	Q0	7406494	61	0.317	Run_0
B.70	Q0	9109203	62	0.3015	Run_0
B.70	Q0	24827362	63	0.271	Run_0
B.85	Q0	33	1	0.5	Run_0
B.85	Q0	10167288	2	0.5	Run_0
B.85	Q0	13971070	3	0.4995	Run_0
B.85	Q0	106	4	0.4995	Run_0
B.85	Q0	34	5	0.499	Run_0
B.85	Q0	2531956	6	0.499	Run_0
B.85	Q0	65	7	0.4985	Run_0
B.85	Q0	20397431	8	0.4985	Run_0
B.85	Q0	31	9	0.498	Run_0
B.85	Q0	11099256	10	0.498	Run_0
B.85	Q0	2493848	11	0.4975	Run_0
B.85	Q0	14534391	12	0.4975	Run_0
B.85	Q0	9480950	13	0.497	Run_0
B.85	Q0	20397146	14	0.497	Run_0
B.85	Q0	4809962	15	0.4965	Run_0
B.85	Q0	24287854	16	0.4965	Run_0
B.85	Q0	27069616	17	0.496	Run_0
B.85	Q0	26905324	18	0.496	Run_0
B.85	Q0	9307470	19	0.4955	Run_0
B.85	Q0	14310665	20	0.4955	Run_0
B.85	Q0	16912360	21	0.495	Run_0
B.85	Q0	1575624	22	0.495	Run_0
B.85	Q0	7156821	23	0.4945	Run_0
B.85	Q0	13980361	24	0.4945	Run_0
B.85	Q0	6373402	25	0.494	Run_0
B.85	Q0	14160371	26	0.494	Run_0
B.85	Q0	14370339	27	0.4935	Run_0
B.85	Q0	16053193	28	0.493	Run_0
B.85	Q0	5355833	29	0.4925	Run_0
B.85	Q0	1304308	30	0.4925	Run_0
B.85	Q0	7699713	31	0.492	Run_0
B.85	Q0	11334665	32	0.492	Run_0
B.85	Q0	25481701	33	0.4915	Run_0
B.85	Q0	18186316	34	0.4915	Run_0
B.85	Q0	4792894	35	0.491	Run_0
B.85	Q0	13443369	36	0.491	Run_0
B.85	Q0	14943629	37	0.4905	Run_0
B.85	Q0	12100193	38	0.4905	Run_0
B.85	Q0	8800121	39	0.49	Run_0
B.85	Q0	7278760	40	0.49	Run_0
B.85	Q0	19638897	41	0.4895	Run_0
B.85	Q0	10509319	42	0.4895	Run_0
B.85	Q0	8998964	43	0.489	Run_0
B.85	Q0	6049546	44	0.489	Run_0
B.85	Q0	732806	45	0.4885	Run_0
B.85	Q0	20256409	46	0.4885	Run_0
B.85	Q0	12157139	47	0.488	Run_0
B.85	Q0	10964704	48	0.488	Run_0
B.85	Q0	1987368	49	0.4875	Run_0
B.85	Q0	23553433	50	0.2935	Run_0
B.17	Q0	19179000	1	0.549	Run_0
B.17	Q0	4143201	2	0.5	Run_0
B.17	Q0	22171109	3	0.5	Run_0
B.17	Q0	12229491	4	0.4995	Run_0
B.17	Q0	7261985	5	0.499	Run_0
B.17	Q0	4380326	6	0.499	Run_0
B.17	Q0	7472427	7	0.4985	Run_0
B.17	Q0	5866071	8	0.4985	Run_0
B.17	Q0	5866060	9	0.498	Run_0
B.17	Q0	26519898	10	0.498	Run_0
B.17	Q0	9068623	11	0.4975	Run_0
B.17	Q0	12593571	12	0.4975	Run_0
B.17	Q0	20970501	13	0.497	Run_0
B.17	Q0	18891819	14	0.497	Run_0
B.17	Q0	7472435	15	0.4965	Run_0
B.17	Q0	4807192	16	0.4965	Run_0
B.17	Q0	7667865	17	0.496	Run_0
B.17	Q0	19605151	18	0.496	Run_0
B.17	Q0	7465352	19	0.4955	Run_0
B.17	Q0	20404045	20	0.4955	Run_0
B.17	Q0	16180061	21	0.495	Run_0
B.17	Q0	13596610	22	0.495	Run_0
B.17	Q0	14727695	23	0.4945	Run_0
B.17	Q0	2961835	24	0.494	Run_0
B.17	Q0	17673540	25	0.494	Run_0
B.17	Q0	24190939	26	0.4935	Run_0
B.17	Q0	10981795	27	0.4935	Run_0
B.17	Q0	23869359	28	0.493	Run_0
B.17	Q0	19190321	29	0.493	Run_0
B.17	Q0	2887393	30	0.4925	Run_0
B.17	Q0	10400963	31	0.4925	Run_0
B.17	Q0	4045609	32	0.492	Run_0
B.17	Q0	14622559	33	0.492	Run_0
B.17	Q0	24628697	34	0.4915	Run_0
B.17	Q0	10625948	35	0.4915	Run_0
B.17	Q0	9358788	36	0.491	Run_0
B.17	Q0	11684801	37	0.491	Run_0
B.17	Q0	9813869	38	0.4905	Run_0
B.17	Q0	22227513	39	0.4905	Run_0
B.17	Q0	6374391	40	0.49	Run_0
B.17	Q0	15538311	41	0.49	Run_0
B.17	Q0	9226364	42	0.4895	Run_0
B.17	Q0	24439080	43	0.4895	Run_0
B.17	Q0	27885015	44	0.489	Run_0
B.17	Q0	21146231	45	0.489	Run_0
B.17	Q0	22318897	46	0.4885	Run_0
B.17	Q0	17265147	47	0.4885	Run_0
B.17	Q0	8274447	48	0.488	Run_0
B.17	Q0	20474316	49	0.488	Run_0
B.17	Q0	7807743	50	0.4875	Run_0
B.17	Q0	384162	51	0.4875	Run_0
B.17	Q0	4696487	52	0.478	Run_0
B.17	Q0	25434263	53	0.4735	Run_0
B.17	Q0	18581343	54	0.4455	Run_0
B.17	Q0	14733383	55	0.4405	Run_0
B.17	Q0	10351812	56	0.436	Run_0
B.17	Q0	3918173	57	0.426	Run_0
B.17	Q0	26345365	58	0.421	Run_0
B.17	Q0	26074014	59	0.416	Run_0
B.17	Q0	23663793	60	0.388	Run_0
B.17	Q0	22978246	61	0.3705	Run_0
B.17	Q0	8188373	62	0.3655	Run_0
B.17	Q0	26037750	63	0.365	Run_0
B.17	Q0	10792698	64	0.3555	Run_0
B.17	Q0	12204973	65	0.3265	Run_0
B.17	Q0	26286848	66	0.291	Run_0
B.17	Q0	20221279	67	0.283	Run_0
B.2	Q0	21078209	1	0.5	Run_0
B.2	Q0	20397146	2	0.5	Run_0
B.2	Q0	4138619	3	0.4995	Run_0
B.2	Q0	5050119	4	0.499	Run_0
B.2	Q0	18521546	5	0.499	Run_0
B.2	Q0	5050129	6	0.4985	Run_0
B.2	Q0	3861797	7	0.4985	Run_0
B.2	Q0	19321726	8	0.498	Run_0
B.2	Q0	10151339	9	0.498	Run_0
B.2	Q0	21537379	10	0.4975	Run_0
B.2	Q0	17089597	11	0.4975	Run_0
B.2	Q0	7148629	12	0.497	Run_0
B.2	Q0	24058079	13	0.4965	Run_0
B.2	Q0	18160914	14	0.4965	Run_0
B.2	Q0	9458172	15	0.496	Run_0
B.2	Q0	9436531	16	0.496	Run_0
B.2	Q0	6359587	17	0.4955	Run_0
B.2	Q0	2498237	18	0.4955	Run_0
B.2	Q0	3275405	19	0.495	Run_0
B.2	Q0	19552400	20	0.495	Run_0
B.2	Q0	4875684	21	0.4945	Run_0
B.2	Q0	26962617	22	0.4945	Run_0
B.2	Q0	6326061	23	0.494	Run_0
B.2	Q0	17253648	24	0.494	Run_0
B.2	Q0	7578656	25	0.4935	Run_0
B.2	Q0	1987368	26	0.4935	Run_0
B.2	Q0	3216464	27	0.493	Run_0
B.2	Q0	27079275	28	0.493	Run_0
B.2	Q0	6539063	29	0.4925	Run_0
B.2	Q0	6300108	30	0.4925	Run_0
B.2	Q0	22505001	31	0.492	Run_0
B.2	Q0	14790704	32	0.492	Run_0
B.2	Q0	28167550	33	0.4915	Run_0
B.2	Q0	14033827	34	0.4915	Run_0
B.2	Q0	11131759	35	0.491	Run_0
B.2	Q0	10283270	36	0.491	Run_0
B.2	Q0	2742433	37	0.4905	Run_0
B.2	Q0	17640943	38	0.4905	Run_0
B.2	Q0	1974552	39	0.49	Run_0
B.2	Q0	14943629	40	0.49	Run_0
B.2	Q0	23226646	41	0.4895	Run_0
B.2	Q0	19057756	42	0.4895	Run_0
B.2	Q0	732806	43	0.489	Run_0
B.2	Q0	20352405	44	0.489	Run_0
B.2	Q0	8214860	45	0.4885	Run_0
B.2	Q0	10873686	46	0.4885	Run_0
B.2	Q0	3175803	47	0.488	Run_0
B.2	Q0	24992890	48	0.488	Run_0
B.2	Q0	21563827	49	0.4875	Run_0
B.2	Q0	1367898	50	0.487	Run_0
B.80	Q0	13746182	1	0.9965	Run_0
B.80	Q0	4580671	2	0.9925	Run_0
B.80	Q0	17586708	3	0.9915	Run_0
B.80	Q0	17586707	4	0.9895	Run_0
B.80	Q0	2305136	5	0.98	Run_0
B.80	Q0	17586704	6	0.977	Run_0
B.80	Q0	7030091	7	0.976	Run_0
B.80	Q0	24143583	8	0.972	Run_0
B.80	Q0	24445231	9	0.9715	Run_0
B.80	Q0	3412699	10	0.966	Run_0
B.80	Q0	22142862	11	0.961	Run_0
B.80	Q0	22408045	12	0.953	Run_0
B.80	Q0	26109997	13	0.951	Run_0
B.80	Q0	10055784	14	0.9495	Run_0
B.80	Q0	9884251	15	0.946	Run_0
B.80	Q0	1442546	16	0.9435	Run_0
B.80	Q0	12186803	17	0.942	Run_0
B.80	Q0	25293871	18	0.941	Run_0
B.80	Q0	677558	19	0.9385	Run_0
B.80	Q0	26296298	20	0.936	Run_0
B.80	Q0	17583606	21	0.9345	Run_0
B.80	Q0	16597349	22	0.933	Run_0
B.80	Q0	23444466	23	0.9315	Run_0
B.80	Q0	13746207	24	0.931	Run_0
B.80	Q0	8677721	25	0.9285	Run_0
B.80	Q0	21468899	26	0.928	Run_0
B.80	Q0	23148136	27	0.8995	Run_0
B.80	Q0	22597194	28	0.898	Run_0
B.80	Q0	17539529	29	0.8975	Run_0
B.80	Q0	6723806	30	0.8945	Run_0
B.80	Q0	22142864	31	0.8915	Run_0
B.80	Q0	8677722	32	0.891	Run_0
B.80	Q0	24150486	33	0.887	Run_0
B.80	Q0	5863380	34	0.8835	Run_0
B.80	Q0	5863366	35	0.8815	Run_0
B.80	Q0	11577913	36	0.872	Run_0
B.80	Q0	26109986	37	0.8715	Run_0
B.80	Q0	8336738	38	0.867	Run_0
B.80	Q0	6535360	39	0.86	Run_0
B.80	Q0	22986548	40	0.8545	Run_0
B.80	Q0	19081255	41	0.854	Run_0
B.80	Q0	9231168	42	0.8475	Run_0
B.80	Q0	3872209	43	0.835	Run_0
B.80	Q0	27465631	44	0.835	Run_0
B.80	Q0	3272444	45	0.8345	Run_0
B.80	Q0	16769766	46	0.8345	Run_0
B.80	Q0	22986542	47	0.8285	Run_0
B.80	Q0	26109988	48	0.817	Run_0
B.80	Q0	137834	49	0.8135	Run_0
B.80	Q0	8677717	50	0.793	Run_0
B.80	Q0	12755691	51	0.764	Run_0
B.80	Q0	5238248	52	0.7105	Run_0
B.80	Q0	19925444	53	0.6665	Run_0
B.80	Q0	11854382	54	0.6065	Run_0
B.80	Q0	10642641	55	0.499	Run_0
B.80	Q0	10642647	56	0.4955	Run_0
B.80	Q0	3560220	57	0.493	Run_0
B.80	Q0	21811863	58	0.4915	Run_0
B.80	Q0	20298000	59	0.491	Run_0
B.80	Q0	7425321	60	0.4905	Run_0
B.80	Q0	11177368	61	0.489	Run_0
B.80	Q0	21432877	62	0.487	Run_0
B.80	Q0	8468965	63	0.47	Run_0
B.80	Q0	13790904	64	0.4685	Run_0
B.80	Q0	1659082	65	0.466	Run_0
B.80	Q0	16140168	66	0.4425	Run_0
B.80	Q0	21447510	67	0.436	Run_0
B.80	Q0	13712242	68	0.4105	Run_0
B.80	Q0	3933836	69	0.3925	Run_0
B.80	Q0	15818223	70	0.379	Run_0
B.80	Q0	7039265	71	0.335	Run_0
B.80	Q0	8191303	72	0.3315	Run_0
B.80	Q0	7039267	73	0.2875	Run_0
B.80	Q0	7336097	74	0.243	Run_0
B.41	Q0	25243499	1	0.91	Run_0
B.41	Q0	25829876	2	0.893	Run_0
B.41	Q0	17830306	3	0.8515	Run_0
B.41	Q0	4109102	4	0.8465	Run_0
B.41	Q0	1898753	5	0.7695	Run_0
B.41	Q0	13424140	6	0.761	Run_0
B.41	Q0	15711471	7	0.6535	Run_0
B.41	Q0	3228956	8	0.5675	Run_0
B.41	Q0	5918094	9	0.5325	Run_0
B.41	Q0	2762334	10	0.5185	Run_0
B.41	Q0	15789929	11	0.5	Run_0
B.41	Q0	13274346	12	0.5	Run_0
B.41	Q0	20564679	13	0.4995	Run_0
B.41	Q0	1394012	14	0.4995	Run_0
B.41	Q0	3228933	15	0.499	Run_0
B.41	Q0	28167355	16	0.499	Run_0
B.41	Q0	5593649	17	0.4985	Run_0
B.41	Q0	1142044	18	0.4985	Run_0
B.41	Q0	1806319	19	0.498	Run_0
B.41	Q0	1707558	20	0.498	Run_0
B.41	Q0	27920864	21	0.4975	Run_0
B.41	Q0	21813160	22	0.4975	Run_0
B.41	Q0	3371887	23	0.497	Run_0
B.41	Q0	15056737	24	0.497	Run_0
B.41	Q0	27000221	25	0.4965	Run_0
B.41	Q0	1806320	26	0.4965	Run_0
B.41	Q0	21139395	27	0.496	Run_0
B.41	Q0	12304140	28	0.496	Run_0
B.41	Q0	28082596	29	0.4955	Run_0
B.41	Q0	18813134	30	0.4955	Run_0
B.41	Q0	8315426	31	0.495	Run_0
B.41	Q0	451688	32	0.495	Run_0
B.41	Q0	19576663	33	0.4945	Run_0
B.41	Q0	16214138	34	0.4945	Run_0
B.41	Q0	6331895	35	0.494	Run_0
B.41	Q0	25058048	36	0.494	Run_0
B.41	Q0	8862630	37	0.4935	Run_0
B.41	Q0	5937496	38	0.4935	Run_0
B.41	Q0	18289228	39	0.493	Run_0
B.41	Q0	17390664	40	0.493	Run_0
B.41	Q0	6183246	41	0.4925	Run_0
B.41	Q0	27881647	42	0.4925	Run_0
B.41	Q0	19354070	43	0.492	Run_0
B.41	Q0	13464932	44	0.492	Run_0
B.41	Q0	4829153	45	0.4915	Run_0
B.41	Q0	18799902	46	0.4915	Run_0
B.41	Q0	24208965	47	0.491	Run_0
B.41	Q0	22512778	48	0.491	Run_0
B.41	Q0	17859544	49	0.4905	Run_0
B.41	Q0	15774497	50	0.4905	Run_0
B.41	Q0	6699292	51	0.49	Run_0
B.41	Q0	20263437	52	0.49	Run_0
B.41	Q0	25483773	53	0.4895	Run_0
B.41	Q0	25037452	54	0.4895	Run_0
B.41	Q0	7458900	55	0.489	Run_0
B.41	Q0	13055724	56	0.489	Run_0
B.41	Q0	2825231	57	0.4885	Run_0
B.41	Q0	18903436	58	0.4885	Run_0
B.41	Q0	14573320	59	0.488	Run_0
B.41	Q0	13432363	60	0.488	Run_0
B.41	Q0	2871092	61	0.4645	Run_0
B.41	Q0	10125211	62	0.4525	Run_0
B.41	Q0	13065123	63	0.4235	Run_0
B.41	Q0	23331757	64	0.4175	Run_0
B.41	Q0	22753250	65	0.374	Run_0
B.41	Q0	25559274	66	0.348	Run_0
B.41	Q0	18321840	67	0.314	Run_0
B.41	Q0	26195957	68	0.2915	Run_0
B.16	Q0	14251719	1	0.9795	Run_0
B.16	Q0	15719399	2	0.9545	Run_0
B.16	Q0	17125272	3	0.945	Run_0
B.16	Q0	3635625	4	0.9415	Run_0
B.16	Q0	10295634	5	0.937	Run_0
B.16	Q0	5620572	6	0.936	Run_0
B.16	Q0	27239725	7	0.9325	Run_0
B.16	Q0	10295636	8	0.912	Run_0
B.16	Q0	26048016	9	0.9115	Run_0
B.16	Q0	13062589	10	0.899	Run_0
B.16	Q0	17495788	11	0.8905	Run_0
B.16	Q0	4459245	12	0.866	Run_0
B.16	Q0	74026	13	0.7525	Run_0
B.16	Q0	13096144	14	0.714	Run_0
B.16	Q0	8506769	15	0.6975	Run_0
B.16	Q0	13062613	16	0.6755	Run_0
B.16	Q0	26135681	17	0.673	Run_0
B.16	Q0	25836904	18	0.617	Run_0
B.16	Q0	14182959	19	0.59	Run_0
B.16	Q0	20916175	20	0.5	Run_0
B.16	Q0	13142876	21	0.5	Run_0
B.16	Q0	14294311	22	0.4995	Run_0
B.16	Q0	14251717	23	0.4995	Run_0
B.16	Q0	9535079	24	0.499	Run_0
B.16	Q0	8065265	25	0.499	Run_0
B.16	Q0	20322450	26	0.4985	Run_0
B.16	Q0	6294831	27	0.498	Run_0
B.16	Q0	24151868	28	0.498	Run_0
B.16	Q0	27754083	29	0.4975	Run_0
B.16	Q0	26421303	30	0.4975	Run_0
B.16	Q0	14880474	31	0.497	Run_0
B.16	Q0	8837114	32	0.496	Run_0
B.16	Q0	28218668	33	0.496	Run_0
B.16	Q0	23905230	34	0.4955	Run_0
B.16	Q0	12104070	35	0.4955	Run_0
B.16	Q0	3299033	36	0.495	Run_0
B.16	Q0	2943783	37	0.495	Run_0
B.16	Q0	9645250	38	0.4945	Run_0
B.16	Q0	9174706	39	0.4945	Run_0
B.16	Q0	7806758	40	0.494	Run_0
B.16	Q0	28246336	41	0.494	Run_0
B.16	Q0	9090024	42	0.4935	Run_0
B.16	Q0	12054917	43	0.4935	Run_0
B.16	Q0	8416922	44	0.493	Run_0
B.16	Q0	19608463	45	0.493	Run_0
B.16	Q0	26731472	46	0.4925	Run_0
B.16	Q0	14251722	47	0.4925	Run_0
B.16	Q0	16693553	48	0.492	Run_0
B.16	Q0	18206338	49	0.4915	Run_0
B.16	Q0	13192204	50	0.4915	Run_0
B.16	Q0	6219301	51	0.491	Run_0
B.16	Q0	3314886	52	0.491	Run_0
B.16	Q0	3216464	53	0.4905	Run_0
B.16	Q0	4231456	54	0.49	Run_0
B.16	Q0	13340119	55	0.49	Run_0
B.16	Q0	3299046	56	0.4895	Run_0
B.16	Q0	19833928	57	0.4895	Run_0
B.16	Q0	9387628	58	0.489	Run_0
B.16	Q0	13098706	59	0.489	Run_0
B.16	Q0	28308237	60	0.4885	Run_0
B.16	Q0	21875267	61	0.4885	Run_0
B.16	Q0	19960940	62	0.488	Run_0
B.16	Q0	2230687	63	0.4875	Run_0
B.16	Q0	27062303	64	0.486	Run_0
B.16	Q0	1360707	65	0.4855	Run_0
B.16	Q0	16315067	66	0.4745	Run_0
B.16	Q0	17005973	67	0.474	Run_0
B.16	Q0	17504263	68	0.4725	Run_0
B.16	Q0	8795710	69	0.47	Run_0
B.16	Q0	16981201	70	0.4615	Run_0
B.16	Q0	11385450	71	0.459	Run_0
B.16	Q0	27271653	72	0.444	Run_0
B.16	Q0	17580089	73	0.4265	Run_0
B.16	Q0	23905215	74	0.4095	Run_0
B.16	Q0	5489496	75	0.3965	Run_0
B.16	Q0	24028047	76	0.395	Run_0
B.16	Q0	8896258	77	0.3815	Run_0
B.16	Q0	17437444	78	0.3795	Run_0
B.16	Q0	19833931	79	0.364	Run_0
B.16	Q0	21338909	80	0.357	Run_0
B.16	Q0	9658026	81	0.3145	Run_0
B.16	Q0	20707098	82	0.2725	Run_0
B.16	Q0	7274229	83	0.2635	Run_0