B.26	Q0	17162878	1	0.495431125	Run_1
B.26	Q0	25873252	2	0.494469732	Run_1
B.26	Q0	9626332	3	0.492070138	Run_1
B.26	Q0	20013984	4	0.489884555	Run_1
B.26	Q0	3921098	5	0.487921387	Run_1
B.26	Q0	10569725	6	0.486890435	Run_1
B.26	Q0	15970058	7	0.48510161	Run_1
B.26	Q0	1091924	8	0.48181951	Run_1
B.26	Q0	3801312	9	0.470827341	Run_1
B.26	Q0	27942040	10	0.469973475	Run_1
B.26	Q0	27942006	11	0.469973475	Run_1
B.26	Q0	25894266	12	0.468053162	Run_1
B.26	Q0	17448651	13	0.467509538	Run_1
B.26	Q0	1091922	14	0.46725437	Run_1
B.26	Q0	1091921	15	0.466133624	Run_1
B.26	Q0	16066071	16	0.465498269	Run_1
B.26	Q0	16789880	17	0.463298887	Run_1
B.26	Q0	6192739	18	0.462819576	Run_1
B.26	Q0	22816221	19	0.461737454	Run_1
B.26	Q0	9214662	20	0.461044401	Run_1
B.26	Q0	16034529	21	0.460972548	Run_1
B.26	Q0	17304146	22	0.460249007	Run_1
B.26	Q0	24814877	23	0.4601596	Run_1
B.26	Q0	10011632	24	0.457248628	Run_1
B.26	Q0	14599837	25	0.455814362	Run_1
B.26	Q0	19040191	26	0.452767074	Run_1
B.26	Q0	20209747	27	0.452085525	Run_1
B.26	Q0	6190419	28	0.451832384	Run_1
B.26	Q0	9519132	29	0.451002717	Run_1
B.26	Q0	20209745	30	0.447321534	Run_1
B.26	Q0	21321894	31	0.441503674	Run_1
B.26	Q0	12917324	32	0.437702775	Run_1
B.26	Q0	9519129	33	0.428295553	Run_1
B.26	Q0	27850713	34	0.418525308	Run_1
B.26	Q0	4036412	35	0.415842324	Run_1
B.26	Q0	13966802	36	0.41338703	Run_1
B.26	Q0	2986443	37	0.411231339	Run_1
B.26	Q0	15609793	38	0.410225034	Run_1
B.26	Q0	5749388	39	0.410181522	Run_1
B.26	Q0	1105895	40	0.405596524	Run_1
B.26	Q0	18005834	41	0.401535928	Run_1
B.26	Q0	27243283	42	0.400203258	Run_1
B.26	Q0	10612240	43	0.398691535	Run_1
B.26	Q0	7830976	44	0.396951139	Run_1
B.26	Q0	16934990	45	0.392199606	Run_1
B.26	Q0	68672	46	0.390802771	Run_1
B.26	Q0	24447136	47	0.390653998	Run_1
B.26	Q0	5255840	48	0.390343368	Run_1
B.26	Q0	1476353	49	0.38870284	Run_1
B.26	Q0	15500723	50	0.385243773	Run_1
B.26	Q0	21432934	51	0.384890735	Run_1
B.26	Q0	28168295	52	0.383901179	Run_1
B.27	Q0	6347521	1	0.046064854	Run_1
B.27	Q0	10982806	2	0.046036556	Run_1
B.27	Q0	17103146	3	0.045444448	Run_1
B.27	Q0	24786741	4	0.045251913	Run_1
B.27	Q0	8089243	5	0.045157589	Run_1
B.27	Q0	19775540	6	0.044739567	Run_1
B.27	Q0	2827661	7	0.044707052	Run_1
B.27	Q0	26440005	8	0.044687364	Run_1
B.27	Q0	14050060	9	0.044632547	Run_1
B.27	Q0	25990845	10	0.044610679	Run_1
B.27	Q0	5752473	11	0.044580124	Run_1
B.27	Q0	23753880	12	0.044571679	Run_1
B.27	Q0	14050059	13	0.044547204	Run_1
B.27	Q0	23314556	14	0.04454596	Run_1
B.27	Q0	6444511	15	0.044477243	Run_1
B.27	Q0	13240599	16	0.044387832	Run_1
B.27	Q0	13823300	17	0.044325523	Run_1
B.27	Q0	18901981	18	0.044304445	Run_1
B.27	Q0	9685901	19	0.044263747	Run_1
B.27	Q0	17103150	20	0.044234898	Run_1
B.27	Q0	5656072	21	0.044210859	Run_1
B.27	Q0	13417354	22	0.044205151	Run_1
B.27	Q0	21559200	23	0.044169538	Run_1
B.27	Q0	23356585	24	0.044165805	Run_1
B.27	Q0	6358055	25	0.044145472	Run_1
B.27	Q0	13796757	26	0.043931171	Run_1
B.27	Q0	773325	27	0.04274169	Run_1
B.28	Q0	21523719	1	0.113576375	Run_1
B.28	Q0	2191605	2	0.110018395	Run_1
B.28	Q0	27375596	3	0.107526369	Run_1
B.28	Q0	10563571	4	0.107251883	Run_1
B.28	Q0	22687539	5	0.106084697	Run_1
B.28	Q0	17756155	6	0.103317887	Run_1
B.28	Q0	17123990	7	0.10286209	Run_1
B.28	Q0	24386780	8	0.102367342	Run_1
B.28	Q0	8462758	9	0.102288008	Run_1
B.28	Q0	24568131	10	0.102233551	Run_1
B.28	Q0	7879735	11	0.102163061	Run_1
B.28	Q0	12908002	12	0.101613007	Run_1
B.28	Q0	19621784	13	0.100526653	Run_1
B.28	Q0	20282146	14	0.099814475	Run_1
B.28	Q0	24386779	15	0.098911896	Run_1
B.28	Q0	27375566	16	0.098600142	Run_1
B.28	Q0	19855661	17	0.098430924	Run_1
B.28	Q0	24386778	18	0.097575545	Run_1
B.28	Q0	17756150	19	0.097521029	Run_1
B.28	Q0	19136477	20	0.097428054	Run_1
B.28	Q0	12386591	21	0.096985675	Run_1
B.28	Q0	8462759	22	0.096356459	Run_1
B.28	Q0	18838345	23	0.096020423	Run_1
B.28	Q0	14561669	24	0.095777601	Run_1
B.28	Q0	4554636	25	0.095748708	Run_1
B.28	Q0	12508884	26	0.095160604	Run_1
B.28	Q0	9994259	27	0.093792081	Run_1
B.28	Q0	23609044	28	0.093327865	Run_1
B.28	Q0	11925967	29	0.093094639	Run_1
B.28	Q0	15030783	30	0.091913119	Run_1
B.28	Q0	15735347	31	0.091014475	Run_1
B.28	Q0	12508890	32	0.090491228	Run_1
B.28	Q0	4875328	33	0.089689299	Run_1
B.28	Q0	19381765	34	0.089063771	Run_1
B.28	Q0	20755496	35	0.085039228	Run_1
B.28	Q0	8625925	36	0.08196272	Run_1
B.28	Q0	8462757	37	0.081127986	Run_1
B.28	Q0	6083646	38	0.079048097	Run_1
B.28	Q0	17288132	39	0.076062366	Run_1
B.4	Q0	13230658	1	0.072767287	Run_1
B.4	Q0	13055724	2	0.072683521	Run_1
B.4	Q0	26678867	3	0.07258749	Run_1
B.4	Q0	23859560	4	0.072574012	Run_1
B.4	Q0	27498049	5	0.07236556	Run_1
B.4	Q0	26315449	6	0.072290622	Run_1
B.4	Q0	16714366	7	0.072240442	Run_1
B.4	Q0	11093367	8	0.072093986	Run_1
B.4	Q0	10207466	9	0.072085455	Run_1
B.4	Q0	8237545	10	0.072053462	Run_1
B.4	Q0	9030664	11	0.071940944	Run_1
B.4	Q0	563600	12	0.071789213	Run_1
B.4	Q0	8282333	13	0.071761236	Run_1
B.4	Q0	13426474	14	0.071741477	Run_1
B.4	Q0	25228595	15	0.071663812	Run_1
B.4	Q0	23792433	16	0.071544014	Run_1
B.4	Q0	24827364	17	0.071495317	Run_1
B.4	Q0	8237543	18	0.071448617	Run_1
B.4	Q0	14324582	19	0.071368508	Run_1
B.4	Q0	7625085	20	0.071348444	Run_1
B.4	Q0	12058772	21	0.071310908	Run_1
B.4	Q0	8617237	22	0.071305163	Run_1
B.4	Q0	27712830	23	0.071215175	Run_1
B.4	Q0	8263770	24	0.07120534	Run_1
B.4	Q0	7437774	25	0.07118497	Run_1
B.29	Q0	7646665	1	0.061466746	Run_1
B.29	Q0	10291042	2	0.060872503	Run_1
B.29	Q0	7263616	3	0.060391866	Run_1
B.29	Q0	6381055	4	0.059173111	Run_1
B.29	Q0	22553756	5	0.058470048	Run_1
B.29	Q0	23056991	6	0.058184594	Run_1
B.29	Q0	14683884	7	0.057957623	Run_1
B.29	Q0	21802589	8	0.057853028	Run_1
B.29	Q0	8780351	9	0.057390012	Run_1
B.29	Q0	8424091	10	0.057283089	Run_1
B.29	Q0	24353988	11	0.05722573	Run_1
B.29	Q0	14777523	12	0.056982152	Run_1
B.29	Q0	10473387	13	0.056799449	Run_1
B.29	Q0	12908003	14	0.056764964	Run_1
B.29	Q0	24342843	15	0.056628112	Run_1
B.29	Q0	27796641	16	0.056557089	Run_1
B.29	Q0	9596259	17	0.056480553	Run_1
B.29	Q0	7456490	18	0.056441937	Run_1
B.29	Q0	20944069	19	0.056339338	Run_1
B.29	Q0	25454374	20	0.056228615	Run_1
B.29	Q0	23111344	21	0.055949911	Run_1
B.29	Q0	21711072	22	0.05593187	Run_1
B.29	Q0	16999391	23	0.055829562	Run_1
B.29	Q0	19903115	24	0.055763513	Run_1
B.29	Q0	23603376	25	0.055741027	Run_1
B.29	Q0	4922894	26	0.052811917	Run_1
B.29	Q0	15666266	27	0.051917292	Run_1
B.29	Q0	26978423	28	0.051039692	Run_1
B.30	Q0	17288843	1	0.102789752	Run_1
B.30	Q0	20523000	2	0.10226205	Run_1
B.30	Q0	10421976	3	0.100564793	Run_1
B.30	Q0	22508152	4	0.100293264	Run_1
B.30	Q0	15456307	5	0.100091569	Run_1
B.30	Q0	8344377	6	0.099271283	Run_1
B.30	Q0	17948073	7	0.099007383	Run_1
B.30	Q0	25024123	8	0.098915413	Run_1
B.30	Q0	24142962	9	0.098792084	Run_1
B.30	Q0	24221468	10	0.09871614	Run_1
B.30	Q0	10659796	11	0.098435603	Run_1
B.30	Q0	3892026	12	0.09807457	Run_1
B.30	Q0	4785584	13	0.09805727	Run_1
B.30	Q0	5167863	14	0.09802714	Run_1
B.30	Q0	13948258	15	0.098013304	Run_1
B.30	Q0	9428683	16	0.097886086	Run_1
B.30	Q0	22759651	17	0.097735763	Run_1
B.30	Q0	17136231	18	0.097675577	Run_1
B.30	Q0	18794535	19	0.097638682	Run_1
B.30	Q0	25254616	20	0.097420014	Run_1
B.30	Q0	10252616	21	0.097406104	Run_1
B.30	Q0	11616093	22	0.097361878	Run_1
B.30	Q0	2744452	23	0.09723109	Run_1
B.30	Q0	13079647	24	0.097197905	Run_1
B.30	Q0	15598040	25	0.097188875	Run_1
B.30	Q0	9412078	26	0.095990673	Run_1
B.30	Q0	15462174	27	0.09597984	Run_1
B.30	Q0	19459648	28	0.095492467	Run_1
B.30	Q0	4671113	29	0.094937846	Run_1
B.30	Q0	6515426	30	0.094316438	Run_1
B.30	Q0	23335181	31	0.094236724	Run_1
B.30	Q0	22997937	32	0.093938522	Run_1
B.30	Q0	27792481	33	0.093677357	Run_1
B.30	Q0	11929715	34	0.093613461	Run_1
B.32	Q0	21510620	1	0.056207769	Run_1
B.32	Q0	6642225	2	0.053346939	Run_1
B.32	Q0	22285666	3	0.052317806	Run_1
B.32	Q0	19880488	4	0.050469242	Run_1
B.32	Q0	2034535	5	0.049364634	Run_1
B.32	Q0	22873204	6	0.049352586	Run_1
B.32	Q0	23328752	7	0.048366882	Run_1
B.32	Q0	11033136	8	0.048283331	Run_1
B.32	Q0	4121420	9	0.048272353	Run_1
B.32	Q0	25190437	10	0.048260961	Run_1
B.32	Q0	26155023	11	0.048260272	Run_1
B.32	Q0	26155024	12	0.048259202	Run_1
B.32	Q0	11452767	13	0.047855359	Run_1
B.32	Q0	22737729	14	0.04765204	Run_1
B.32	Q0	18190206	15	0.047620766	Run_1
B.32	Q0	10611059	16	0.047413491	Run_1
B.32	Q0	12207118	17	0.047347624	Run_1
B.32	Q0	22036788	18	0.047296073	Run_1
B.32	Q0	19359333	19	0.047278576	Run_1
B.32	Q0	10868874	20	0.047205646	Run_1
B.32	Q0	28282294	21	0.047150828	Run_1
B.32	Q0	7464987	22	0.047140867	Run_1
B.32	Q0	17892549	23	0.047045268	Run_1
B.32	Q0	22040980	24	0.046969853	Run_1
B.32	Q0	22040975	25	0.046651684	Run_1
B.32	Q0	25536579	26	0.035232693	Run_1
B.32	Q0	6673055	27	0.030657545	Run_1
B.33	Q0	19739236	1	0.12287353	Run_1
B.33	Q0	24828225	2	0.12066327	Run_1
B.33	Q0	24817749	3	0.120135255	Run_1
B.33	Q0	27436840	4	0.120061167	Run_1
B.33	Q0	22916060	5	0.119596861	Run_1
B.33	Q0	26801359	6	0.118917361	Run_1
B.33	Q0	12005175	7	0.11869508	Run_1
B.33	Q0	16895823	8	0.118584119	Run_1
B.33	Q0	11655779	9	0.11797893	Run_1
B.33	Q0	3441060	10	0.117750749	Run_1
B.33	Q0	24337541	11	0.11741358	Run_1
B.33	Q0	27436834	12	0.116701707	Run_1
B.33	Q0	3333596	13	0.11667338	Run_1
B.33	Q0	4209280	14	0.116632797	Run_1
B.33	Q0	9296413	15	0.116589487	Run_1
B.33	Q0	3898743	16	0.116441928	Run_1
B.33	Q0	23548917	17	0.116280444	Run_1
B.33	Q0	16670662	18	0.116054796	Run_1
B.33	Q0	18973502	19	0.115992695	Run_1
B.33	Q0	1790439	20	0.115882546	Run_1
B.33	Q0	8595840	21	0.115760848	Run_1
B.33	Q0	7656044	22	0.115718752	Run_1
B.33	Q0	24220739	23	0.115627967	Run_1
B.33	Q0	4747207	24	0.11560268	Run_1
B.33	Q0	3898744	25	0.115349822	Run_1
B.33	Q0	11691275	26	0.113608792	Run_1
B.33	Q0	26842158	27	0.110807881	Run_1
B.33	Q0	15901094	28	0.110072412	Run_1
B.33	Q0	20870058	29	0.108538643	Run_1
B.33	Q0	9349429	30	0.107031092	Run_1
B.33	Q0	11204512	31	0.105284102	Run_1
B.33	Q0	15854189	32	0.104936354	Run_1
B.36	Q0	13296908	1	0.128501371	Run_1
B.36	Q0	24530094	2	0.122145392	Run_1
B.36	Q0	26263501	3	0.119163409	Run_1
B.36	Q0	19811129	4	0.116764292	Run_1
B.36	Q0	5187094	5	0.115172409	Run_1
B.36	Q0	13296931	6	0.114986293	Run_1
B.36	Q0	18757614	7	0.113772362	Run_1
B.36	Q0	27950427	8	0.112947769	Run_1
B.36	Q0	27302643	9	0.112782665	Run_1
B.36	Q0	14394614	10	0.110411003	Run_1
B.36	Q0	25834160	11	0.109847501	Run_1
B.36	Q0	10622187	12	0.109694958	Run_1
B.36	Q0	10208099	13	0.109668054	Run_1
B.36	Q0	22504891	14	0.10935726	Run_1
B.36	Q0	68349	15	0.109138198	Run_1
B.36	Q0	27287750	16	0.108995162	Run_1
B.36	Q0	22525520	17	0.108993083	Run_1
B.36	Q0	19824172	18	0.108601011	Run_1
B.36	Q0	24534506	19	0.10858959	Run_1
B.36	Q0	13876816	20	0.108348548	Run_1
B.36	Q0	24534509	21	0.108254835	Run_1
B.36	Q0	8282387	22	0.107711516	Run_1
B.36	Q0	8282383	23	0.107711516	Run_1
B.36	Q0	14400675	24	0.107513472	Run_1
B.36	Q0	26151575	25	0.107422665	Run_1
B.38	Q0	27715967	1	0.053675063	Run_1
B.38	Q0	20017105	2	0.053453974	Run_1
B.38	Q0	19981000	3	0.053131957	Run_1
B.38	Q0	21228734	4	0.053130157	Run_1
B.38	Q0	9515319	5	0.052252278	Run_1
B.38	Q0	15240341	6	0.051813345	Run_1
B.38	Q0	19267579	7	0.050588336	Run_1
B.38	Q0	16008661	8	0.05052691	Run_1
B.38	Q0	4205080	9	0.050238375	Run_1
B.38	Q0	23132260	10	0.050228864	Run_1
B.38	Q0	14566535	11	0.050037816	Run_1
B.38	Q0	19124895	12	0.049747258	Run_1
B.38	Q0	19141729	13	0.049683932	Run_1
B.38	Q0	1603752	14	0.049658857	Run_1
B.38	Q0	18170261	15	0.049571872	Run_1
B.38	Q0	5757520	16	0.049365066	Run_1
B.38	Q0	20175217	17	0.04932287	Run_1
B.38	Q0	1634335	18	0.04919067	Run_1
B.38	Q0	6685368	19	0.049146961	Run_1
B.38	Q0	16908311	20	0.049050413	Run_1
B.38	Q0	18414875	21	0.049042754	Run_1
B.38	Q0	26059047	22	0.048935588	Run_1
B.38	Q0	9108424	23	0.048563022	Run_1
B.38	Q0	1341366	24	0.048451871	Run_1
B.38	Q0	5896479	25	0.043409482	Run_1
B.38	Q0	11886430	26	0.043397579	Run_1
B.38	Q0	20990338	27	0.043180861	Run_1
B.38	Q0	2631332	28	0.042384438	Run_1
B.38	Q0	11134271	29	0.040828459	Run_1
B.38	Q0	26218834	30	0.040101584	Run_1
B.38	Q0	14892270	31	0.039706387	Run_1
B.38	Q0	1583059	32	0.039265636	Run_1
B.38	Q0	18733502	33	0.039167151	Run_1
B.38	Q0	8116770	34	0.039092015	Run_1
B.41	Q0	13274346	1	0.125419751	Run_1
B.41	Q0	1394012	2	0.125109106	Run_1
B.41	Q0	28167355	3	0.125026405	Run_1
B.41	Q0	5593649	4	0.124211021	Run_1
B.41	Q0	1806319	5	0.12419524	Run_1
B.41	Q0	21813160	6	0.123698153	Run_1
B.41	Q0	15056737	7	0.123680174	Run_1
B.41	Q0	1806320	8	0.123651989	Run_1
B.41	Q0	21139395	9	0.123399146	Run_1
B.41	Q0	28082596	10	0.123252101	Run_1
B.41	Q0	8315426	11	0.123140194	Run_1
B.41	Q0	16214138	12	0.122873202	Run_1
B.41	Q0	25058048	13	0.122846261	Run_1
B.41	Q0	8862630	14	0.122840263	Run_1
B.41	Q0	17390664	15	0.122701362	Run_1
B.41	Q0	6183246	16	0.122695513	Run_1
B.41	Q0	19354070	17	0.122656628	Run_1
B.41	Q0	18799902	18	0.122619219	Run_1
B.41	Q0	24208965	19	0.122548953	Run_1
B.41	Q0	17859544	20	0.122400001	Run_1
B.41	Q0	20263437	21	0.122355305	Run_1
B.41	Q0	25483773	22	0.122337826	Run_1
B.41	Q0	13055724	23	0.122322872	Run_1
B.41	Q0	18903436	24	0.121886306	Run_1
B.41	Q0	13432363	25	0.121843792	Run_1
B.41	Q0	2871092	26	0.120223589	Run_1
B.41	Q0	4109102	27	0.119865842	Run_1
B.41	Q0	17830306	28	0.118867733	Run_1
B.41	Q0	25243499	29	0.118806884	Run_1
B.41	Q0	15711471	30	0.118526421	Run_1
B.41	Q0	5918094	31	0.11838647	Run_1
B.41	Q0	25829876	32	0.118292563	Run_1
B.41	Q0	13424140	33	0.118134655	Run_1
B.41	Q0	22753250	34	0.117245317	Run_1
B.41	Q0	1898753	35	0.116339557	Run_1
B.41	Q0	3228956	36	0.114684097	Run_1
B.41	Q0	2762334	37	0.113731794	Run_1
B.41	Q0	17354264	38	0.112910807	Run_1
B.44	Q0	1057142	1	0.062587149	Run_1
B.44	Q0	25584068	2	0.061574202	Run_1
B.44	Q0	22534957	3	0.061439756	Run_1
B.44	Q0	1798805	4	0.0612363	Run_1
B.44	Q0	24271120	5	0.061233409	Run_1
B.44	Q0	8947730	6	0.061227661	Run_1
B.44	Q0	22534959	7	0.061200023	Run_1
B.44	Q0	8556373	8	0.061167285	Run_1
B.44	Q0	8019268	9	0.060752183	Run_1
B.44	Q0	24807333	10	0.060734373	Run_1
B.44	Q0	1524664	11	0.06057414	Run_1
B.44	Q0	24907383	12	0.06047998	Run_1
B.44	Q0	7941080	13	0.060416445	Run_1
B.44	Q0	3720704	14	0.06040455	Run_1
B.44	Q0	25732607	15	0.060290217	Run_1
B.44	Q0	28301426	16	0.060233481	Run_1
B.44	Q0	24468300	17	0.060212824	Run_1
B.44	Q0	12690564	18	0.059989855	Run_1
B.44	Q0	24271118	19	0.059915818	Run_1
B.44	Q0	175584	20	0.059707124	Run_1
B.44	Q0	13966181	21	0.059535511	Run_1
B.44	Q0	24701140	22	0.059516035	Run_1
B.44	Q0	25221080	23	0.059485801	Run_1
B.44	Q0	13807521	24	0.059472539	Run_1
B.45	Q0	8751155	1	0.148143023	Run_1
B.45	Q0	26183270	2	0.147614852	Run_1
B.45	Q0	26183257	3	0.147428811	Run_1
B.45	Q0	4614207	4	0.147167593	Run_1
B.45	Q0	28175697	5	0.14697215	Run_1
B.45	Q0	12764701	6	0.143361032	Run_1
B.45	Q0	26509378	7	0.142277509	Run_1
B.45	Q0	5880575	8	0.142010331	Run_1
B.45	Q0	7112011	9	0.141128346	Run_1
B.45	Q0	10211874	10	0.140917212	Run_1
B.45	Q0	17239016	11	0.140689909	Run_1
B.45	Q0	11204523	12	0.140208632	Run_1
B.45	Q0	17824651	13	0.139856011	Run_1
B.45	Q0	9911905	14	0.139833286	Run_1
B.45	Q0	15757146	15	0.139686167	Run_1
B.45	Q0	14220266	16	0.139428169	Run_1
B.45	Q0	13210791	17	0.139241308	Run_1
B.45	Q0	19499316	18	0.138883606	Run_1
B.45	Q0	4614208	19	0.138251618	Run_1
B.45	Q0	18196073	20	0.138209447	Run_1
B.45	Q0	9911910	21	0.137838513	Run_1
B.45	Q0	16488083	22	0.13777262	Run_1
B.45	Q0	24312070	23	0.137613863	Run_1
B.45	Q0	19499319	24	0.137613297	Run_1
B.45	Q0	16173118	25	0.137499794	Run_1
B.45	Q0	4946558	26	0.133120045	Run_1
B.45	Q0	28034984	27	0.122363046	Run_1
B.1	Q0	19624661	1	0.099906981	Run_1
B.1	Q0	6359587	2	0.099465773	Run_1
B.1	Q0	1770673	3	0.098050609	Run_1
B.1	Q0	23857867	4	0.097981364	Run_1
B.1	Q0	20238168	5	0.097900212	Run_1
B.1	Q0	9869433	6	0.097649351	Run_1
B.1	Q0	24784735	7	0.097561911	Run_1
B.1	Q0	10980852	8	0.097544536	Run_1
B.1	Q0	12577767	9	0.097494632	Run_1
B.1	Q0	12918683	10	0.09735208	Run_1
B.1	Q0	3835539	11	0.097293243	Run_1
B.1	Q0	9269979	12	0.096994936	Run_1
B.1	Q0	16229152	13	0.096980564	Run_1
B.1	Q0	17089597	14	0.096971765	Run_1
B.1	Q0	6636280	15	0.096943229	Run_1
B.1	Q0	17943044	16	0.096942201	Run_1
B.1	Q0	16033754	17	0.096933559	Run_1
B.1	Q0	25502836	18	0.09683004	Run_1
B.1	Q0	6207452	19	0.096813858	Run_1
B.1	Q0	18754976	20	0.096656404	Run_1
B.1	Q0	24393855	21	0.096584626	Run_1
B.1	Q0	16220139	22	0.096450225	Run_1
B.1	Q0	27368141	23	0.09644641	Run_1
B.1	Q0	16139272	24	0.096422091	Run_1
B.1	Q0	2826701	25	0.096380174	Run_1
B.47	Q0	23248163	1	0.075279206	Run_1
B.47	Q0	24353161	2	0.073068708	Run_1
B.47	Q0	22978925	3	0.072347239	Run_1
B.47	Q0	22978926	4	0.072347187	Run_1
B.47	Q0	2971620	5	0.072198465	Run_1
B.47	Q0	24169001	6	0.072019562	Run_1
B.47	Q0	24168996	7	0.071976557	Run_1
B.47	Q0	13089425	8	0.071605884	Run_1
B.47	Q0	27584337	9	0.07103435	Run_1
B.47	Q0	20661175	10	0.071010046	Run_1
B.47	Q0	10562049	11	0.07093782	Run_1
B.47	Q0	24979047	12	0.070543148	Run_1
B.47	Q0	15708162	13	0.07048893	Run_1
B.47	Q0	23730626	14	0.070431694	Run_1
B.47	Q0	15146527	15	0.070429474	Run_1
B.47	Q0	21786914	16	0.070380501	Run_1
B.47	Q0	19997466	17	0.070196338	Run_1
B.47	Q0	16847782	18	0.069803677	Run_1
B.47	Q0	1063912	19	0.069550112	Run_1
B.47	Q0	3695780	20	0.069057323	Run_1
B.47	Q0	18510125	21	0.068808302	Run_1
B.47	Q0	2971619	22	0.068730384	Run_1
B.47	Q0	10203925	23	0.068641625	Run_1
B.47	Q0	1063903	24	0.068607509	Run_1
B.47	Q0	12823553	25	0.068382844	Run_1
B.48	Q0	13350336	1	0.070163667	Run_1
B.48	Q0	15134495	2	0.069831811	Run_1
B.48	Q0	26082390	3	0.069275357	Run_1
B.48	Q0	14293608	4	0.068517879	Run_1
B.48	Q0	25320412	5	0.067807078	Run_1
B.48	Q0	21521336	6	0.067491904	Run_1
B.48	Q0	12631607	7	0.067251302	Run_1
B.48	Q0	19237754	8	0.067099445	Run_1
B.48	Q0	26242383	9	0.067022339	Run_1
B.48	Q0	15351710	10	0.066928804	Run_1
B.48	Q0	6673157	11	0.066750631	Run_1
B.48	Q0	23613249	12	0.066723764	Run_1
B.48	Q0	8597775	13	0.066655725	Run_1
B.48	Q0	17137381	14	0.066433005	Run_1
B.48	Q0	7513402	15	0.066124842	Run_1
B.48	Q0	22453625	16	0.06608133	Run_1
B.48	Q0	1745750	17	0.066070795	Run_1
B.48	Q0	21891805	18	0.065920606	Run_1
B.48	Q0	12028704	19	0.065898031	Run_1
B.48	Q0	24215682	20	0.06576366	Run_1
B.48	Q0	9950336	21	0.065747164	Run_1
B.48	Q0	15420369	22	0.065610357	Run_1
B.48	Q0	4087942	23	0.065533035	Run_1
B.48	Q0	10078168	24	0.065461107	Run_1
B.48	Q0	8659991	25	0.065451726	Run_1
B.48	Q0	27018889	26	0.061018728	Run_1
B.48	Q0	26600157	27	0.058910482	Run_1
B.48	Q0	9924800	28	0.05836403	Run_1
B.48	Q0	15511380	29	0.05790671	Run_1
B.50	Q0	6520110	1	0.076443404	Run_1
B.50	Q0	10077843	2	0.075919308	Run_1
B.50	Q0	11492486	3	0.075917616	Run_1
B.50	Q0	20524617	4	0.075459912	Run_1
B.50	Q0	6520109	5	0.075378634	Run_1
B.50	Q0	6520111	6	0.07519757	Run_1
B.50	Q0	13062615	7	0.07498613	Run_1
B.50	Q0	22263872	8	0.07476116	Run_1
B.50	Q0	26650197	9	0.074627236	Run_1
B.50	Q0	17253648	10	0.074405886	Run_1
B.50	Q0	6520112	11	0.074243002	Run_1
B.50	Q0	4306677	12	0.074171409	Run_1
B.50	Q0	7698582	13	0.073930509	Run_1
B.50	Q0	4401817	14	0.073861778	Run_1
B.50	Q0	21516002	15	0.073641263	Run_1
B.50	Q0	11111700	16	0.07353314	Run_1
B.50	Q0	22554894	17	0.073409647	Run_1
B.50	Q0	6520107	18	0.073402017	Run_1
B.50	Q0	6520106	19	0.073380627	Run_1
B.50	Q0	18310481	20	0.073242351	Run_1
B.50	Q0	24530977	21	0.073220678	Run_1
B.50	Q0	18795800	22	0.073052771	Run_1
B.50	Q0	28233284	23	0.072981	Run_1
B.50	Q0	5050119	24	0.072887056	Run_1
B.50	Q0	5563741	25	0.072783776	Run_1
B.50	Q0	18090964	26	0.069760159	Run_1
B.50	Q0	15563163	27	0.069569148	Run_1
B.50	Q0	15962048	28	0.069340162	Run_1
B.50	Q0	19710332	29	0.069140941	Run_1
B.50	Q0	7844403	30	0.068877414	Run_1
B.50	Q0	23359545	31	0.068045437	Run_1
B.50	Q0	22480300	32	0.066649809	Run_1
B.50	Q0	22002769	33	0.065226234	Run_1
B.50	Q0	19710333	34	0.064328879	Run_1
B.52	Q0	26621736	1	0.080346249	Run_1
B.52	Q0	1987368	2	0.080228232	Run_1
B.52	Q0	16653	3	0.080208771	Run_1
B.52	Q0	13443369	4	0.080111377	Run_1
B.52	Q0	20397146	5	0.079986483	Run_1
B.52	Q0	24287854	6	0.079131424	Run_1
B.52	Q0	6136953	7	0.079112642	Run_1
B.52	Q0	10167288	8	0.079095818	Run_1
B.52	Q0	20273102	9	0.079056911	Run_1
B.52	Q0	16336211	10	0.07869108	Run_1
B.52	Q0	26650197	11	0.078456543	Run_1
B.52	Q0	971928	12	0.077973068	Run_1
B.52	Q0	18754976	13	0.077862777	Run_1
B.52	Q0	23613249	14	0.077825814	Run_1
B.52	Q0	1320468	15	0.077758886	Run_1
B.52	Q0	25706587	16	0.077698559	Run_1
B.52	Q0	17595406	17	0.077654421	Run_1
B.52	Q0	1889874	18	0.077567518	Run_1
B.52	Q0	17921389	19	0.077505797	Run_1
B.52	Q0	4258708	20	0.077481709	Run_1
B.52	Q0	15029349	21	0.077471778	Run_1
B.52	Q0	22934187	22	0.077443577	Run_1
B.52	Q0	26962617	23	0.077432543	Run_1
B.52	Q0	3223830	24	0.077422857	Run_1
B.52	Q0	3083864	25	0.077344649	Run_1
B.53	Q0	15018654	1	0.087321185	Run_1
B.53	Q0	10167288	2	0.085740946	Run_1
B.53	Q0	17256822	3	0.083517142	Run_1
B.53	Q0	27984911	4	0.083468258	Run_1
B.53	Q0	27024027	5	0.082882561	Run_1
B.53	Q0	11805326	6	0.082837351	Run_1
B.53	Q0	11737273	7	0.082448401	Run_1
B.53	Q0	18514511	8	0.082111552	Run_1
B.53	Q0	14622356	9	0.081919864	Run_1
B.53	Q0	19926917	10	0.081766143	Run_1
B.53	Q0	13092304	11	0.081262201	Run_1
B.53	Q0	10191150	12	0.081256442	Run_1
B.53	Q0	27169353	13	0.081161216	Run_1
B.53	Q0	18267894	14	0.081070967	Run_1
B.53	Q0	13971072	15	0.080655977	Run_1
B.53	Q0	28147084	16	0.08059185	Run_1
B.53	Q0	24535989	17	0.080586828	Run_1
B.53	Q0	15078809	18	0.080578767	Run_1
B.53	Q0	12727253	19	0.080437884	Run_1
B.53	Q0	26710767	20	0.080413669	Run_1
B.53	Q0	4662024	21	0.080366783	Run_1
B.53	Q0	11282594	22	0.080346771	Run_1
B.53	Q0	11201117	23	0.080145366	Run_1
B.53	Q0	15470588	24	0.080133259	Run_1
B.53	Q0	26574216	25	0.080132306	Run_1
B.53	Q0	14935642	26	0.077999599	Run_1
B.53	Q0	7758185	27	0.076902896	Run_1
B.53	Q0	4319288	28	0.076299533	Run_1
B.53	Q0	10216527	29	0.074723251	Run_1
B.53	Q0	8222816	30	0.07454437	Run_1
B.53	Q0	25894999	31	0.073498741	Run_1
B.53	Q0	13110942	32	0.072673649	Run_1
B.53	Q0	10557639	33	0.072058514	Run_1
B.53	Q0	9268354	34	0.070801765	Run_1
B.53	Q0	950961	35	0.068190925	Run_1
B.53	Q0	4941281	36	0.067884751	Run_1
B.55	Q0	7646665	1	0.13321133	Run_1
B.55	Q0	7263616	2	0.131803647	Run_1
B.55	Q0	10291042	3	0.130495042	Run_1
B.55	Q0	6381055	4	0.129035443	Run_1
B.55	Q0	8780351	5	0.12681894	Run_1
B.55	Q0	24353988	6	0.12659198	Run_1
B.55	Q0	22553756	7	0.126108781	Run_1
B.55	Q0	24342843	8	0.125887096	Run_1
B.55	Q0	23056991	9	0.125731915	Run_1
B.55	Q0	14777523	10	0.125701532	Run_1
B.55	Q0	14683884	11	0.125633731	Run_1
B.55	Q0	9596259	12	0.12548022	Run_1
B.55	Q0	19059604	13	0.124901883	Run_1
B.55	Q0	7456490	14	0.12488091	Run_1
B.55	Q0	10473387	15	0.124590568	Run_1
B.55	Q0	14877747	16	0.124511316	Run_1
B.55	Q0	23111344	17	0.124316722	Run_1
B.55	Q0	19903115	18	0.124297008	Run_1
B.55	Q0	21352527	19	0.123976596	Run_1
B.55	Q0	24323301	20	0.123970792	Run_1
B.55	Q0	25454372	21	0.123836644	Run_1
B.55	Q0	27796641	22	0.123762526	Run_1
B.55	Q0	12714124	23	0.123637944	Run_1
B.55	Q0	20944069	24	0.123613887	Run_1
B.55	Q0	27141600	25	0.123382196	Run_1
B.55	Q0	26813177	26	0.114216626	Run_1
B.55	Q0	15666266	27	0.113462053	Run_1
B.56	Q0	17892549	1	0.106264159	Run_1
B.56	Q0	17892541	2	0.096205577	Run_1
B.56	Q0	23807964	3	0.089794025	Run_1
B.56	Q0	20614787	4	0.084540278	Run_1
B.56	Q0	14838484	5	0.078419223	Run_1
B.56	Q0	16688864	6	0.077057242	Run_1
B.56	Q0	7988300	7	0.07680206	Run_1
B.56	Q0	301436	8	0.072541401	Run_1
B.56	Q0	24606391	9	0.066426918	Run_1
B.56	Q0	22408177	10	0.065747268	Run_1
B.56	Q0	10649864	11	0.065624498	Run_1
B.56	Q0	27683224	12	0.064177416	Run_1
B.56	Q0	2324580	13	0.063787438	Run_1
B.56	Q0	21391915	14	0.063158736	Run_1
B.56	Q0	14265419	15	0.062956996	Run_1
B.56	Q0	24699287	16	0.062942423	Run_1
B.56	Q0	24699290	17	0.062192161	Run_1
B.56	Q0	26640643	18	0.06036792	Run_1
B.56	Q0	8589036	19	0.060093217	Run_1
B.56	Q0	6951436	20	0.060092606	Run_1
B.56	Q0	14033324	21	0.059761792	Run_1
B.56	Q0	9450741	22	0.059689522	Run_1
B.56	Q0	4857529	23	0.059541546	Run_1
B.56	Q0	6673055	24	0.058026813	Run_1
B.56	Q0	21917645	25	0.046709672	Run_1
B.56	Q0	11375309	26	0.045796815	Run_1
B.56	Q0	11286557	27	0.045796815	Run_1
B.56	Q0	11373949	28	0.045778297	Run_1
B.9	Q0	13055724	1	0.081307337	Run_1
B.9	Q0	27498049	2	0.081156075	Run_1
B.9	Q0	26678867	3	0.080958784	Run_1
B.9	Q0	13426474	4	0.080728956	Run_1
B.9	Q0	13230658	5	0.080590494	Run_1
B.9	Q0	23859560	6	0.080571331	Run_1
B.9	Q0	11093367	7	0.08051908	Run_1
B.9	Q0	16714366	8	0.080471516	Run_1
B.9	Q0	26315449	9	0.080417134	Run_1
B.9	Q0	25228595	10	0.080224074	Run_1
B.9	Q0	8237545	11	0.079946592	Run_1
B.9	Q0	14324582	12	0.07994353	Run_1
B.9	Q0	24827364	13	0.079931825	Run_1
B.9	Q0	9030664	14	0.07992138	Run_1
B.9	Q0	8282333	15	0.079914846	Run_1
B.9	Q0	10207466	16	0.079860538	Run_1
B.9	Q0	27712830	17	0.079714485	Run_1
B.9	Q0	7955775	18	0.079644702	Run_1
B.9	Q0	12058777	19	0.079637185	Run_1
B.9	Q0	8617237	20	0.079590462	Run_1
B.9	Q0	8237543	21	0.079559714	Run_1
B.9	Q0	18418035	22	0.079405949	Run_1
B.9	Q0	9892294	23	0.07929147	Run_1
B.9	Q0	3653250	24	0.07927987	Run_1
B.9	Q0	8263770	25	0.07926219	Run_1
B.58	Q0	20869222	1	0.147738576	Run_1
B.58	Q0	24152489	2	0.134571075	Run_1
B.58	Q0	1891105	3	0.134136841	Run_1
B.58	Q0	25317550	4	0.13136588	Run_1
B.58	Q0	10529983	5	0.130259916	Run_1
B.58	Q0	24152507	6	0.127615437	Run_1
B.58	Q0	28191850	7	0.126523882	Run_1
B.58	Q0	13988176	8	0.125749975	Run_1
B.58	Q0	20869219	9	0.125088573	Run_1
B.58	Q0	24265080	10	0.124169677	Run_1
B.58	Q0	10782482	11	0.123521797	Run_1
B.58	Q0	11263006	12	0.122518323	Run_1
B.58	Q0	2538944	13	0.122357637	Run_1
B.58	Q0	8862764	14	0.122127086	Run_1
B.58	Q0	19410277	15	0.121097967	Run_1
B.58	Q0	2538942	16	0.120179027	Run_1
B.58	Q0	16905492	17	0.120090835	Run_1
B.58	Q0	2142971	18	0.119793512	Run_1
B.58	Q0	12128870	19	0.11965324	Run_1
B.58	Q0	18249551	20	0.119487368	Run_1
B.58	Q0	26282497	21	0.119291849	Run_1
B.58	Q0	18461334	22	0.119057789	Run_1
B.58	Q0	10942966	23	0.118989617	Run_1
B.58	Q0	20751352	24	0.118304685	Run_1
B.58	Q0	17879693	25	0.11825487	Run_1
B.58	Q0	16347875	26	0.116584249	Run_1
B.58	Q0	3867811	27	0.113704145	Run_1
B.58	Q0	12474070	28	0.111778654	Run_1
B.58	Q0	11721212	29	0.110514469	Run_1
B.58	Q0	24152510	30	0.10921818	Run_1
B.58	Q0	15649836	31	0.105719432	Run_1
B.58	Q0	16535388	32	0.103943735	Run_1
B.58	Q0	17567299	33	0.103727937	Run_1
B.58	Q0	2478015	34	0.100703686	Run_1
B.58	Q0	9861564	35	0.100700326	Run_1
B.58	Q0	23380294	36	0.099838853	Run_1
B.58	Q0	22050088	37	0.097214125	Run_1
B.58	Q0	21658909	38	0.095668666	Run_1
B.60	Q0	3088392	1	0.109190568	Run_1
B.60	Q0	8369625	2	0.107697323	Run_1
B.60	Q0	3278983	3	0.106912792	Run_1
B.60	Q0	10090627	4	0.106767632	Run_1
B.60	Q0	10901045	5	0.106572479	Run_1
B.60	Q0	14353325	6	0.106538594	Run_1
B.60	Q0	19043820	7	0.10624627	Run_1
B.60	Q0	8883673	8	0.106116712	Run_1
B.60	Q0	17010234	9	0.105527483	Run_1
B.60	Q0	18757614	10	0.105473116	Run_1
B.60	Q0	14077496	11	0.105431639	Run_1
B.60	Q0	17209367	12	0.10541831	Run_1
B.60	Q0	10037785	13	0.105306461	Run_1
B.60	Q0	14351770	14	0.10525202	Run_1
B.60	Q0	11323096	15	0.105212115	Run_1
B.60	Q0	26987097	16	0.105194233	Run_1
B.60	Q0	297736	17	0.104952574	Run_1
B.60	Q0	2674813	18	0.104731075	Run_1
B.60	Q0	10255969	19	0.104452744	Run_1
B.60	Q0	18118938	20	0.104398623	Run_1
B.60	Q0	21961939	21	0.104246214	Run_1
B.60	Q0	14579420	22	0.10423138	Run_1
B.60	Q0	18656093	23	0.104174212	Run_1
B.60	Q0	2032684	24	0.104133695	Run_1
B.60	Q0	2603594	25	0.104063012	Run_1
B.10	Q0	5866072	1	0.11410886	Run_1
B.10	Q0	5866060	2	0.113874622	Run_1
B.10	Q0	19605152	3	0.112594157	Run_1
B.10	Q0	7472435	4	0.112586766	Run_1
B.10	Q0	12593571	5	0.11252965	Run_1
B.10	Q0	18891819	6	0.112466671	Run_1
B.10	Q0	23869359	7	0.112180486	Run_1
B.10	Q0	4143201	8	0.111676797	Run_1
B.10	Q0	13596610	9	0.111550018	Run_1
B.10	Q0	4380326	10	0.111513525	Run_1
B.10	Q0	20474316	11	0.111455217	Run_1
B.10	Q0	24190939	12	0.111307301	Run_1
B.10	Q0	7465352	13	0.110974118	Run_1
B.10	Q0	7807743	14	0.1108642	Run_1
B.10	Q0	2732955	15	0.1108642	Run_1
B.10	Q0	22318897	16	0.110710248	Run_1
B.10	Q0	7807751	17	0.1105543	Run_1
B.10	Q0	9813869	18	0.110458776	Run_1
B.10	Q0	14727695	19	0.110210173	Run_1
B.10	Q0	10625948	20	0.110139772	Run_1
B.10	Q0	12441460	21	0.110119715	Run_1
B.10	Q0	6374391	22	0.109689422	Run_1
B.10	Q0	2887393	23	0.109568998	Run_1
B.10	Q0	8568616	24	0.109475479	Run_1
B.10	Q0	21146239	25	0.109378047	Run_1
B.10	Q0	7926410	26	0.108404227	Run_1
B.10	Q0	26037750	27	0.101162963	Run_1
B.10	Q0	27474323	28	0.100901946	Run_1
B.10	Q0	14048616	29	0.100535147	Run_1
B.10	Q0	28119409	30	0.099216476	Run_1
B.10	Q0	19179000	31	0.098611511	Run_1
B.63	Q0	2554652	1	0.164425671	Run_1
B.63	Q0	9773764	2	0.159960091	Run_1
B.63	Q0	5673236	3	0.158542871	Run_1
B.63	Q0	21426020	4	0.155854344	Run_1
B.63	Q0	27627709	5	0.15534322	Run_1
B.63	Q0	8881857	6	0.153581649	Run_1
B.63	Q0	24412308	7	0.152391821	Run_1
B.63	Q0	22975035	8	0.149526224	Run_1
B.63	Q0	2554654	9	0.149137929	Run_1
B.63	Q0	2554647	10	0.148562193	Run_1
B.63	Q0	10423244	11	0.148292109	Run_1
B.63	Q0	10167288	12	0.147150829	Run_1
B.63	Q0	26621736	13	0.146171808	Run_1
B.63	Q0	25663013	14	0.14617011	Run_1
B.63	Q0	25663003	15	0.145837024	Run_1
B.63	Q0	10423271	16	0.144842401	Run_1
B.63	Q0	24412307	17	0.144477278	Run_1
B.63	Q0	24287854	18	0.143974483	Run_1
B.63	Q0	13971071	19	0.143853843	Run_1
B.63	Q0	10326288	20	0.143672764	Run_1
B.63	Q0	11634560	21	0.143434718	Run_1
B.63	Q0	10423249	22	0.143425047	Run_1
B.63	Q0	10423163	23	0.143320367	Run_1
B.63	Q0	26792602	24	0.143085539	Run_1
B.63	Q0	1395281	25	0.142803907	Run_1
B.63	Q0	24412301	26	0.134165838	Run_1
B.63	Q0	27847376	27	0.13300994	Run_1
B.63	Q0	27847384	28	0.132861629	Run_1
B.65	Q0	2503682	1	0.065955587	Run_1
B.65	Q0	2503684	2	0.065249644	Run_1
B.65	Q0	27955364	3	0.064900339	Run_1
B.65	Q0	27085654	4	0.064727843	Run_1
B.65	Q0	5673236	5	0.064671688	Run_1
B.65	Q0	25877266	6	0.063477255	Run_1
B.65	Q0	21802247	7	0.063377053	Run_1
B.65	Q0	26966635	8	0.063287087	Run_1
B.65	Q0	10005534	9	0.063011751	Run_1
B.65	Q0	26222769	10	0.062941425	Run_1
B.65	Q0	18248463	11	0.062875584	Run_1
B.65	Q0	17296892	12	0.062839456	Run_1
B.65	Q0	22582204	13	0.062770046	Run_1
B.65	Q0	19604495	14	0.062596872	Run_1
B.65	Q0	25543885	15	0.062537745	Run_1
B.65	Q0	11383774	16	0.062427357	Run_1
B.65	Q0	3543917	17	0.062292617	Run_1
B.65	Q0	27425869	18	0.062202703	Run_1
B.65	Q0	5009628	19	0.06217837	Run_1
B.65	Q0	13098218	20	0.06196136	Run_1
B.65	Q0	10007968	21	0.061947972	Run_1
B.65	Q0	19198273	22	0.061943378	Run_1
B.65	Q0	18476674	23	0.061938204	Run_1
B.65	Q0	5507778	24	0.061918262	Run_1
B.65	Q0	3878047	25	0.061839275	Run_1
B.65	Q0	4807098	26	0.059664626	Run_1
B.65	Q0	14733117	27	0.05610301	Run_1
B.66	Q0	4091639	1	0.053480636	Run_1
B.66	Q0	3291760	2	0.053339221	Run_1
B.66	Q0	12107298	3	0.053233251	Run_1
B.66	Q0	629047	4	0.052921638	Run_1
B.66	Q0	6048775	5	0.052919637	Run_1
B.66	Q0	19419875	6	0.052608453	Run_1
B.66	Q0	738451	7	0.052586839	Run_1
B.66	Q0	25450141	8	0.052559141	Run_1
B.66	Q0	3549321	9	0.052558087	Run_1
B.66	Q0	18854429	10	0.052521527	Run_1
B.66	Q0	3549320	11	0.05244692	Run_1
B.66	Q0	19696622	12	0.052439362	Run_1
B.66	Q0	21986734	13	0.052382585	Run_1
B.66	Q0	2278481	14	0.0523692	Run_1
B.66	Q0	26552451	15	0.052284162	Run_1
B.66	Q0	2561877	16	0.052202396	Run_1
B.66	Q0	2518152	17	0.052185547	Run_1
B.66	Q0	7282245	18	0.052172191	Run_1
B.66	Q0	11773503	19	0.052140847	Run_1
B.66	Q0	9009529	20	0.05212415	Run_1
B.66	Q0	16499341	21	0.05209548	Run_1
B.66	Q0	4110277	22	0.052089982	Run_1
B.66	Q0	2525519	23	0.052054767	Run_1
B.66	Q0	14875216	24	0.052051686	Run_1
B.66	Q0	496371	25	0.052050401	Run_1
B.66	Q0	11862855	26	0.049788583	Run_1
B.68	Q0	26398957	1	0.031232737	Run_1
B.68	Q0	26830458	2	0.030959912	Run_1
B.68	Q0	20203636	3	0.030789211	Run_1
B.68	Q0	20397146	4	0.03069425	Run_1
B.68	Q0	24701926	5	0.030531924	Run_1
B.68	Q0	15639438	6	0.030406656	Run_1
B.68	Q0	9355594	7	0.030336324	Run_1
B.68	Q0	22460614	8	0.030317951	Run_1
B.68	Q0	27764356	9	0.030298455	Run_1
B.68	Q0	9355595	10	0.030249452	Run_1
B.68	Q0	3223830	11	0.030247226	Run_1
B.68	Q0	16290442	12	0.0302357	Run_1
B.68	Q0	21706310	13	0.030231658	Run_1
B.68	Q0	17255544	14	0.03022144	Run_1
B.68	Q0	20555821	15	0.030155892	Run_1
B.68	Q0	26398958	16	0.030116525	Run_1
B.68	Q0	22851832	17	0.02994745	Run_1
B.68	Q0	24035444	18	0.029921619	Run_1
B.68	Q0	11823716	19	0.029916206	Run_1
B.68	Q0	16290443	20	0.029891714	Run_1
B.68	Q0	24050008	21	0.029871158	Run_1
B.68	Q0	17193503	22	0.029863644	Run_1
B.68	Q0	8523189	23	0.029857552	Run_1
B.68	Q0	1761002	24	0.029847696	Run_1
B.68	Q0	21706313	25	0.029753981	Run_1
B.69	Q0	13274346	1	0.217674881	Run_1
B.69	Q0	11683868	2	0.216378614	Run_1
B.69	Q0	6592899	3	0.212154359	Run_1
B.69	Q0	24000704	4	0.209077179	Run_1
B.69	Q0	13087752	5	0.208113477	Run_1
B.69	Q0	26223943	6	0.207990259	Run_1
B.69	Q0	8490781	7	0.207061797	Run_1
B.69	Q0	13087754	8	0.206314251	Run_1
B.69	Q0	5297417	9	0.205367327	Run_1
B.69	Q0	14351191	10	0.205290988	Run_1
B.69	Q0	16094012	11	0.205144852	Run_1
B.69	Q0	17316624	12	0.205136567	Run_1
B.69	Q0	13585398	13	0.205070958	Run_1
B.69	Q0	6230576	14	0.204681322	Run_1
B.69	Q0	4605394	15	0.204011098	Run_1
B.69	Q0	2094232	16	0.203282133	Run_1
B.69	Q0	1877292	17	0.203035623	Run_1
B.69	Q0	18511572	18	0.202403635	Run_1
B.69	Q0	11417436	19	0.202209264	Run_1
B.69	Q0	20913412	20	0.202163637	Run_1
B.69	Q0	17846391	21	0.202141404	Run_1
B.69	Q0	9046555	22	0.201927975	Run_1
B.69	Q0	13363500	23	0.201812223	Run_1
B.69	Q0	15186448	24	0.201741755	Run_1
B.69	Q0	11324708	25	0.201692492	Run_1
B.69	Q0	12675565	26	0.194374666	Run_1
B.69	Q0	11654184	27	0.192993492	Run_1
B.69	Q0	7182748	28	0.190599814	Run_1
B.69	Q0	11186616	29	0.182833761	Run_1
B.69	Q0	10341924	30	0.182041734	Run_1
B.70	Q0	10077843	1	0.1697779	Run_1
B.70	Q0	23859560	2	0.16902253	Run_1
B.70	Q0	24827364	3	0.166817337	Run_1
B.70	Q0	4914892	4	0.165426657	Run_1
B.70	Q0	21776366	5	0.164246902	Run_1
B.70	Q0	12483813	6	0.164154217	Run_1
B.70	Q0	12483809	7	0.16407299	Run_1
B.70	Q0	13062615	8	0.163972154	Run_1
B.70	Q0	8566503	9	0.163713604	Run_1
B.70	Q0	23559361	10	0.16351226	Run_1
B.70	Q0	11492486	11	0.163131014	Run_1
B.70	Q0	17187046	12	0.163117528	Run_1
B.70	Q0	22554894	13	0.163073778	Run_1
B.70	Q0	12483808	14	0.162883952	Run_1
B.70	Q0	16385374	15	0.162481561	Run_1
B.70	Q0	11072877	16	0.16220288	Run_1
B.70	Q0	11072878	17	0.161946833	Run_1
B.70	Q0	17253648	18	0.161688358	Run_1
B.70	Q0	26482667	19	0.161455914	Run_1
B.70	Q0	28100810	20	0.161181539	Run_1
B.70	Q0	25930218	21	0.160344601	Run_1
B.70	Q0	18795800	22	0.160235137	Run_1
B.70	Q0	1455184	23	0.1598818	Run_1
B.70	Q0	14362102	24	0.159881577	Run_1
B.70	Q0	8566494	25	0.159827366	Run_1
B.70	Q0	12939339	26	0.155251697	Run_1
B.70	Q0	18156499	27	0.154674739	Run_1
B.70	Q0	11941711	28	0.153540939	Run_1
B.70	Q0	20524617	29	0.153297365	Run_1
B.70	Q0	18090964	30	0.153106645	Run_1
B.70	Q0	23490307	31	0.15110518	Run_1
B.70	Q0	18648770	32	0.149990663	Run_1
B.70	Q0	9109203	33	0.14987731	Run_1
B.70	Q0	16633619	34	0.149651989	Run_1
B.70	Q0	23490301	35	0.148874044	Run_1
B.74	Q0	20397146	1	0.042428173	Run_1
B.74	Q0	18160914	2	0.04131877	Run_1
B.74	Q0	16653	3	0.041308839	Run_1
B.74	Q0	5543225	4	0.040994089	Run_1
B.74	Q0	17640943	5	0.040967956	Run_1
B.74	Q0	24050008	6	0.040963229	Run_1
B.74	Q0	19125210	7	0.040956829	Run_1
B.74	Q0	18398777	8	0.040847227	Run_1
B.74	Q0	12741989	9	0.040826194	Run_1
B.74	Q0	9436531	10	0.040817823	Run_1
B.74	Q0	7830924	11	0.040710233	Run_1
B.74	Q0	20328062	12	0.040626854	Run_1
B.74	Q0	22851832	13	0.040484753	Run_1
B.74	Q0	1320468	14	0.040474944	Run_1
B.74	Q0	8787258	15	0.0404713	Run_1
B.74	Q0	24992890	16	0.040462643	Run_1
B.74	Q0	21882173	17	0.040416658	Run_1
B.74	Q0	27764356	18	0.040397909	Run_1
B.74	Q0	9887753	19	0.040379174	Run_1
B.74	Q0	5050122	20	0.040347323	Run_1
B.74	Q0	1987368	21	0.040341895	Run_1
B.74	Q0	24227187	22	0.040333349	Run_1
B.74	Q0	16702401	23	0.040315647	Run_1
B.74	Q0	5910408	24	0.040274855	Run_1
B.74	Q0	4138619	25	0.040262714	Run_1
B.75	Q0	3088392	1	0.132102296	Run_1
B.75	Q0	8369625	2	0.13070102	Run_1
B.75	Q0	24586901	3	0.12883693	Run_1
B.75	Q0	27434226	4	0.128022999	Run_1
B.75	Q0	14050283	5	0.127643004	Run_1
B.75	Q0	7134491	6	0.127395347	Run_1
B.75	Q0	7309228	7	0.127219945	Run_1
B.75	Q0	3278983	8	0.127070263	Run_1
B.75	Q0	13465619	9	0.126801804	Run_1
B.75	Q0	12619458	10	0.126681	Run_1
B.75	Q0	2675164	11	0.126625285	Run_1
B.75	Q0	23139243	12	0.126220286	Run_1
B.75	Q0	15206001	13	0.125737756	Run_1
B.75	Q0	7896643	14	0.125611693	Run_1
B.75	Q0	17830212	15	0.125536039	Run_1
B.75	Q0	23781027	16	0.125478268	Run_1
B.75	Q0	22582567	17	0.125357032	Run_1
B.75	Q0	15755343	18	0.125269279	Run_1
B.75	Q0	4185731	19	0.12512207	Run_1
B.75	Q0	13680399	20	0.124814637	Run_1
B.75	Q0	24294698	21	0.124675594	Run_1
B.75	Q0	6960284	22	0.12460997	Run_1
B.75	Q0	9799472	23	0.124566346	Run_1
B.75	Q0	20428637	24	0.12450093	Run_1
B.75	Q0	6952854	25	0.124469794	Run_1
B.75	Q0	7205937	26	0.122240148	Run_1
B.75	Q0	20256493	27	0.121189117	Run_1
B.75	Q0	23314053	28	0.119481392	Run_1
B.75	Q0	16462889	29	0.119165182	Run_1
B.75	Q0	19995051	30	0.118733756	Run_1
B.75	Q0	20798582	31	0.117468379	Run_1
B.11	Q0	11360622	1	0.193609551	Run_1
B.11	Q0	11360628	2	0.192038625	Run_1
B.11	Q0	20533013	3	0.187978804	Run_1
B.11	Q0	14590137	4	0.186657876	Run_1
B.11	Q0	4695494	5	0.18580085	Run_1
B.11	Q0	22007325	6	0.185684085	Run_1
B.11	Q0	6153389	7	0.184674427	Run_1
B.11	Q0	1442184	8	0.184012741	Run_1
B.11	Q0	22007327	9	0.183471456	Run_1
B.11	Q0	25419322	10	0.183437094	Run_1
B.11	Q0	21198689	11	0.182142004	Run_1
B.11	Q0	16796288	12	0.180974856	Run_1
B.11	Q0	18322934	13	0.180819467	Run_1
B.11	Q0	7925408	14	0.180654287	Run_1
B.11	Q0	11360633	15	0.180641338	Run_1
B.11	Q0	22007328	16	0.180448472	Run_1
B.11	Q0	1560254	17	0.180417389	Run_1
B.11	Q0	27044658	18	0.180128157	Run_1
B.11	Q0	16796286	19	0.179743528	Run_1
B.11	Q0	17801661	20	0.179286927	Run_1
B.11	Q0	10416248	21	0.179080054	Run_1
B.11	Q0	18696411	22	0.178938523	Run_1
B.11	Q0	19335632	23	0.178786367	Run_1
B.11	Q0	21914972	24	0.178407341	Run_1
B.11	Q0	1442183	25	0.177889973	Run_1
B.11	Q0	13713366	26	0.140050963	Run_1
B.77	Q0	20222026	1	0.073285975	Run_1
B.77	Q0	1107379	2	0.072602145	Run_1
B.77	Q0	14362120	3	0.071506992	Run_1
B.77	Q0	27855282	4	0.07077799	Run_1
B.77	Q0	21604147	5	0.070537418	Run_1
B.77	Q0	11235536	6	0.069564618	Run_1
B.77	Q0	5938392	7	0.069467887	Run_1
B.77	Q0	8700360	8	0.069361247	Run_1
B.77	Q0	20397439	9	0.069186106	Run_1
B.77	Q0	3550464	10	0.069095843	Run_1
B.77	Q0	20397146	11	0.068988554	Run_1
B.77	Q0	21524628	12	0.068979688	Run_1
B.77	Q0	11557751	13	0.068787515	Run_1
B.77	Q0	26033351	14	0.068633005	Run_1
B.77	Q0	26005203	15	0.068612628	Run_1
B.77	Q0	6334552	16	0.068508528	Run_1
B.77	Q0	10167288	17	0.068343706	Run_1
B.77	Q0	14516763	18	0.06830658	Run_1
B.77	Q0	18277637	19	0.068279356	Run_1
B.77	Q0	27608798	20	0.068031348	Run_1
B.77	Q0	16272072	21	0.067971841	Run_1
B.77	Q0	23979	22	0.067929864	Run_1
B.77	Q0	26185514	23	0.067895979	Run_1
B.77	Q0	11754057	24	0.067870237	Run_1
B.77	Q0	26920561	25	0.067841962	Run_1
B.12	Q0	8691714	1	0.095137447	Run_1
B.12	Q0	6520110	2	0.095128	Run_1
B.12	Q0	23570937	3	0.094979398	Run_1
B.12	Q0	20604609	4	0.094536625	Run_1
B.12	Q0	12074660	5	0.094446972	Run_1
B.12	Q0	4337802	6	0.094375171	Run_1
B.12	Q0	2072798	7	0.094309151	Run_1
B.12	Q0	15297747	8	0.094225869	Run_1
B.12	Q0	21711072	9	0.094197892	Run_1
B.12	Q0	18463698	10	0.094192803	Run_1
B.12	Q0	22091136	11	0.093844451	Run_1
B.12	Q0	6520109	12	0.093802959	Run_1
B.12	Q0	12074666	13	0.093778074	Run_1
B.12	Q0	24968677	14	0.093639508	Run_1
B.12	Q0	6520111	15	0.093577653	Run_1
B.12	Q0	26573295	16	0.093494751	Run_1
B.12	Q0	24441291	17	0.093208171	Run_1
B.12	Q0	8937260	18	0.092934482	Run_1
B.12	Q0	1075336	19	0.09288279	Run_1
B.12	Q0	15357157	20	0.092835754	Run_1
B.12	Q0	13432425	21	0.0927452	Run_1
B.12	Q0	7712679	22	0.09265402	Run_1
B.12	Q0	8758457	23	0.092563458	Run_1
B.12	Q0	10010474	24	0.092527188	Run_1
B.12	Q0	5757635	25	0.092499524	Run_1
B.12	Q0	4922894	26	0.091566421	Run_1
B.12	Q0	18611091	27	0.088633865	Run_1
B.12	Q0	20869222	28	0.087555811	Run_1
B.80	Q0	13746182	1	0.349588811	Run_1
B.80	Q0	24445231	2	0.346016645	Run_1
B.80	Q0	10642641	3	0.337781668	Run_1
B.80	Q0	26109986	4	0.333617806	Run_1
B.80	Q0	4580671	5	0.333562106	Run_1
B.80	Q0	17586708	6	0.333380103	Run_1
B.80	Q0	12755691	7	0.329165041	Run_1
B.80	Q0	1442546	8	0.329105407	Run_1
B.80	Q0	10642647	9	0.32894361	Run_1
B.80	Q0	5238248	10	0.326249182	Run_1
B.80	Q0	17586707	11	0.325719237	Run_1
B.80	Q0	3560220	12	0.324080169	Run_1
B.80	Q0	24150486	13	0.3212156	Run_1
B.80	Q0	26109997	14	0.321065664	Run_1
B.80	Q0	26109988	15	0.321020961	Run_1
B.80	Q0	9884251	16	0.319297075	Run_1
B.80	Q0	7425321	17	0.319136292	Run_1
B.80	Q0	25293871	18	0.318962157	Run_1
B.80	Q0	10055784	19	0.318962157	Run_1
B.80	Q0	11177368	20	0.318788767	Run_1
B.80	Q0	7030091	21	0.318231434	Run_1
B.80	Q0	12186803	22	0.317843288	Run_1
B.80	Q0	24143583	23	0.317051947	Run_1
B.80	Q0	2305136	24	0.302728176	Run_1
B.80	Q0	17586704	25	0.299464792	Run_1
B.80	Q0	3412699	26	0.295524567	Run_1
B.80	Q0	3272444	27	0.294661224	Run_1
B.80	Q0	16769762	28	0.29042089	Run_1
B.80	Q0	22142862	29	0.289272577	Run_1
B.80	Q0	13790904	30	0.28922388	Run_1
B.80	Q0	23444466	31	0.282104284	Run_1
B.80	Q0	22408045	32	0.27743426	Run_1
B.80	Q0	21468899	33	0.273670703	Run_1
B.80	Q0	19081255	34	0.273543268	Run_1
B.80	Q0	137834	35	0.27326867	Run_1
B.80	Q0	8677721	36	0.272459567	Run_1
B.80	Q0	677558	37	0.272459567	Run_1
B.80	Q0	26296298	38	0.272459567	Run_1
B.80	Q0	17583606	39	0.272459567	Run_1
B.80	Q0	17583604	40	0.272459567	Run_1
B.80	Q0	13746207	41	0.272459567	Run_1
B.80	Q0	27465631	42	0.272284448	Run_1
B.80	Q0	19925444	43	0.265460253	Run_1
B.80	Q0	6535360	44	0.262864769	Run_1
B.80	Q0	11577913	45	0.262864769	Run_1
B.80	Q0	6723825	46	0.261531919	Run_1
B.80	Q0	23148136	47	0.261531919	Run_1
B.80	Q0	22597194	48	0.261531919	Run_1
B.80	Q0	17539529	49	0.260962188	Run_1
B.80	Q0	5863366	50	0.260627091	Run_1
B.80	Q0	5863380	51	0.255866259	Run_1
B.80	Q0	8677722	52	0.255285025	Run_1
B.80	Q0	22142864	53	0.255285025	Run_1
B.80	Q0	9231168	54	0.254962444	Run_1
B.80	Q0	3933836	55	0.251820505	Run_1
B.80	Q0	22986542	56	0.25134927	Run_1
B.80	Q0	8677717	57	0.248258978	Run_1
B.80	Q0	15818223	58	0.245388687	Run_1
B.80	Q0	3872209	59	0.244234979	Run_1
B.80	Q0	22986548	60	0.244039133	Run_1
B.80	Q0	8336738	61	0.242005646	Run_1
B.80	Q0	11854382	62	0.207769036	Run_1
B.80	Q0	7018316	63	0.199227214	Run_1
B.80	Q0	7336097	64	0.199145913	Run_1
B.80	Q0	23238217	65	0.190119892	Run_1
B.80	Q0	8191303	66	0.189201355	Run_1
B.14	Q0	26238314	1	0.117523737	Run_1
B.14	Q0	13899971	2	0.117484018	Run_1
B.14	Q0	26256164	3	0.115793064	Run_1
B.14	Q0	7969015	4	0.115749545	Run_1
B.14	Q0	25450139	5	0.115535259	Run_1
B.14	Q0	15229455	6	0.115459375	Run_1
B.14	Q0	20050897	7	0.114969522	Run_1
B.14	Q0	23171098	8	0.114548765	Run_1
B.14	Q0	3837234	9	0.11411006	Run_1
B.14	Q0	23547395	10	0.114068255	Run_1
B.14	Q0	20269888	11	0.113983922	Run_1
B.14	Q0	18687128	12	0.113739543	Run_1
B.14	Q0	21313035	13	0.113708153	Run_1
B.14	Q0	19464376	14	0.113636151	Run_1
B.14	Q0	24629720	15	0.113555282	Run_1
B.14	Q0	20532983	16	0.113460511	Run_1
B.14	Q0	9057320	17	0.113383122	Run_1
B.14	Q0	5256893	18	0.113366969	Run_1
B.14	Q0	25513720	19	0.113236666	Run_1
B.14	Q0	7822587	20	0.113180198	Run_1
B.14	Q0	7568519	21	0.11297819	Run_1
B.14	Q0	22877877	22	0.112738691	Run_1
B.14	Q0	27749193	23	0.112531751	Run_1
B.14	Q0	11139528	24	0.112490788	Run_1
B.14	Q0	2677772	25	0.112351134	Run_1
B.14	Q0	24743536	26	0.110894114	Run_1
B.14	Q0	12004795	27	0.106969133	Run_1
B.14	Q0	13632984	28	0.106824391	Run_1
B.14	Q0	3031585	29	0.105916284	Run_1
B.14	Q0	8519825	30	0.105745815	Run_1
B.14	Q0	25305884	31	0.105670467	Run_1
B.14	Q0	5937216	32	0.105088264	Run_1
B.14	Q0	9932571	33	0.104371399	Run_1
B.14	Q0	8851536	34	0.104265533	Run_1
B.14	Q0	6995991	35	0.103033043	Run_1
B.83	Q0	20546083	1	0.28539601	Run_1
B.83	Q0	14352552	2	0.267874777	Run_1
B.83	Q0	21875243	3	0.267545879	Run_1
B.83	Q0	21875244	4	0.266861558	Run_1
B.83	Q0	8937260	5	0.266517639	Run_1
B.83	Q0	26236369	6	0.265621781	Run_1
B.83	Q0	23927557	7	0.265057176	Run_1
B.83	Q0	13432425	8	0.263884515	Run_1
B.83	Q0	25383050	9	0.2630032	Run_1
B.83	Q0	2825396	10	0.261924982	Run_1
B.83	Q0	9070850	11	0.26190713	Run_1
B.83	Q0	11432713	12	0.261528343	Run_1
B.83	Q0	5972769	13	0.261425376	Run_1
B.83	Q0	22091136	14	0.261415601	Run_1
B.83	Q0	19811789	15	0.261286944	Run_1
B.83	Q0	2241664	16	0.261254162	Run_1
B.83	Q0	6363569	17	0.261130571	Run_1
B.83	Q0	12953696	18	0.260775745	Run_1
B.83	Q0	17843141	19	0.260737926	Run_1
B.83	Q0	5209355	20	0.260694981	Run_1
B.83	Q0	25091288	21	0.260689795	Run_1
B.83	Q0	22443741	22	0.26057604	Run_1
B.83	Q0	10055741	23	0.26046145	Run_1
B.83	Q0	12045330	24	0.260395348	Run_1
B.83	Q0	27075065	25	0.260341227	Run_1
B.83	Q0	1479972	26	0.249573633	Run_1
B.85	Q0	10167288	1	0.077471875	Run_1
B.85	Q0	13971072	2	0.076074548	Run_1
B.85	Q0	2531956	3	0.075812735	Run_1
B.85	Q0	20397439	4	0.075798988	Run_1
B.85	Q0	11099256	5	0.075487956	Run_1
B.85	Q0	14534391	6	0.075434893	Run_1
B.85	Q0	20397146	7	0.075300671	Run_1
B.85	Q0	24287854	8	0.074982785	Run_1
B.85	Q0	27069616	9	0.07459043	Run_1
B.85	Q0	9307470	10	0.0744498	Run_1
B.85	Q0	1575624	11	0.074270703	Run_1
B.85	Q0	13980361	12	0.074179597	Run_1
B.85	Q0	14160375	13	0.074116297	Run_1
B.85	Q0	1304308	14	0.0738331	Run_1
B.85	Q0	7699713	15	0.073806509	Run_1
B.85	Q0	18186316	16	0.073783867	Run_1
B.85	Q0	13443369	17	0.073778257	Run_1
B.85	Q0	12100193	18	0.073542044	Run_1
B.85	Q0	7278760	19	0.073536724	Run_1
B.85	Q0	19638897	20	0.073521793	Run_1
B.85	Q0	8998964	21	0.073463187	Run_1
B.85	Q0	20256409	22	0.073458672	Run_1
B.85	Q0	12157139	23	0.073455185	Run_1
B.85	Q0	1987368	24	0.073426493	Run_1
B.86	Q0	12803351	1	0.185995966	Run_1
B.86	Q0	22569923	2	0.177457452	Run_1
B.86	Q0	1157182	3	0.172170281	Run_1
B.86	Q0	13306190	4	0.170541912	Run_1
B.86	Q0	1157183	5	0.170428261	Run_1
B.86	Q0	18395689	6	0.169753045	Run_1
B.86	Q0	10525096	7	0.169521779	Run_1
B.86	Q0	6030088	8	0.169442937	Run_1
B.86	Q0	1150448	9	0.168764964	Run_1
B.86	Q0	17865170	10	0.168467969	Run_1
B.86	Q0	17865168	11	0.168036327	Run_1
B.86	Q0	1157188	12	0.164836377	Run_1
B.86	Q0	27789908	13	0.164684623	Run_1
B.86	Q0	3310867	14	0.164575219	Run_1
B.86	Q0	1418864	15	0.161608577	Run_1
B.86	Q0	1270256	16	0.161603123	Run_1
B.86	Q0	18186320	17	0.161111683	Run_1
B.86	Q0	6169082	18	0.161006972	Run_1
B.86	Q0	12039935	19	0.160619274	Run_1
B.86	Q0	22003675	20	0.160526186	Run_1
B.86	Q0	25310727	21	0.160339803	Run_1
B.86	Q0	3777965	22	0.159878492	Run_1
B.86	Q0	2545928	23	0.159679323	Run_1
B.86	Q0	10810942	24	0.159675926	Run_1
B.86	Q0	16049989	25	0.159456432	Run_1
B.86	Q0	20022753	26	0.154975817	Run_1
B.86	Q0	5595226	27	0.150072068	Run_1
B.86	Q0	3063599	28	0.149818093	Run_1
B.86	Q0	13309006	29	0.149314255	Run_1
B.86	Q0	13018515	30	0.149251923	Run_1
B.86	Q0	25740388	31	0.146258831	Run_1
B.86	Q0	10314225	32	0.145894423	Run_1
B.86	Q0	3470000	33	0.14275296	Run_1
B.86	Q0	23007285	34	0.142475277	Run_1
B.86	Q0	4433262	35	0.142193615	Run_1
B.86	Q0	25649820	36	0.132417694	Run_1
B.86	Q0	4226924	37	0.131380618	Run_1
B.88	Q0	12894310	1	0.028778903	Run_1
B.88	Q0	4750225	2	0.028112549	Run_1
B.88	Q0	9862688	3	0.027868075	Run_1
B.88	Q0	1082871	4	0.027494494	Run_1
B.88	Q0	19541523	5	0.026709527	Run_1
B.88	Q0	8053852	6	0.02658472	Run_1
B.88	Q0	8263021	7	0.026497293	Run_1
B.88	Q0	3240383	8	0.026219245	Run_1
B.88	Q0	27980686	9	0.02585377	Run_1
B.88	Q0	21892201	10	0.025704492	Run_1
B.88	Q0	8017794	11	0.025497952	Run_1
B.88	Q0	1082874	12	0.025484772	Run_1
B.88	Q0	26802154	13	0.025430165	Run_1
B.88	Q0	25492689	14	0.025421452	Run_1
B.88	Q0	1350598	15	0.025369659	Run_1
B.88	Q0	25724027	16	0.025276601	Run_1
B.88	Q0	24127563	17	0.02522102	Run_1
B.88	Q0	20698532	18	0.025174603	Run_1
B.88	Q0	23344612	19	0.025173357	Run_1
B.88	Q0	22321654	20	0.025143621	Run_1
B.88	Q0	22382309	21	0.025105767	Run_1
B.88	Q0	23884411	22	0.025103306	Run_1
B.88	Q0	12894311	23	0.025030617	Run_1
B.88	Q0	21237552	24	0.025000131	Run_1
B.89	Q0	19624661	1	0.119096726	Run_1
B.89	Q0	6359587	2	0.116820425	Run_1
B.89	Q0	16220139	3	0.116385862	Run_1
B.89	Q0	9269979	4	0.116338953	Run_1
B.89	Q0	20238168	5	0.115715429	Run_1
B.89	Q0	9869433	6	0.115676336	Run_1
B.89	Q0	9478804	7	0.115660027	Run_1
B.89	Q0	1770673	8	0.115593709	Run_1
B.89	Q0	22189960	9	0.115215987	Run_1
B.89	Q0	12577767	10	0.115180612	Run_1
B.89	Q0	12918683	11	0.115179941	Run_1
B.89	Q0	16033753	12	0.115176976	Run_1
B.89	Q0	26592404	13	0.115108058	Run_1
B.89	Q0	23857867	14	0.11501538	Run_1
B.89	Q0	17943044	15	0.114837885	Run_1
B.89	Q0	16139272	16	0.114674449	Run_1
B.89	Q0	7770355	17	0.1146589	Run_1
B.89	Q0	10980852	18	0.114598587	Run_1
B.89	Q0	26471571	19	0.114564404	Run_1
B.89	Q0	24784735	20	0.114542633	Run_1
B.89	Q0	15134495	21	0.114516772	Run_1
B.89	Q0	17650369	22	0.114337608	Run_1
B.89	Q0	14467602	23	0.114326932	Run_1
B.89	Q0	25502836	24	0.11426568	Run_1
B.89	Q0	17410900	25	0.114231899	Run_1
B.89	Q0	17296356	26	0.108687006	Run_1
B.89	Q0	6535210	27	0.108447216	Run_1
B.90	Q0	2531956	1	0.050357319	Run_1
B.90	Q0	26797667	2	0.049706709	Run_1
B.90	Q0	20397439	3	0.049653117	Run_1
B.90	Q0	28080676	4	0.049471606	Run_1
B.90	Q0	3033315	5	0.049440753	Run_1
B.90	Q0	26920561	6	0.049384724	Run_1
B.90	Q0	21188310	7	0.049382094	Run_1
B.90	Q0	3932490	8	0.04928958	Run_1
B.90	Q0	1390465	9	0.049273502	Run_1
B.90	Q0	1107379	10	0.049253181	Run_1
B.90	Q0	5938392	11	0.049233899	Run_1
B.90	Q0	20397146	12	0.049206652	Run_1
B.90	Q0	21531750	13	0.049203631	Run_1
B.90	Q0	16967732	14	0.049120009	Run_1
B.90	Q0	21269592	15	0.049017999	Run_1
B.90	Q0	14748839	16	0.048949298	Run_1
B.90	Q0	25489001	17	0.048938431	Run_1
B.90	Q0	10127765	18	0.048920076	Run_1
B.90	Q0	20496834	19	0.048913296	Run_1
B.90	Q0	10167288	20	0.048873473	Run_1
B.90	Q0	19456885	21	0.048827745	Run_1
B.90	Q0	14516763	22	0.048817877	Run_1
B.90	Q0	27069616	23	0.048804138	Run_1
B.90	Q0	12093555	24	0.048784129	Run_1
B.90	Q0	6238912	25	0.048780292	Run_1
B.2	Q0	20397146	1	0.056790031	Run_1
B.2	Q0	4138619	2	0.055544797	Run_1
B.2	Q0	5050119	3	0.055448167	Run_1
B.2	Q0	5050129	4	0.054853763	Run_1
B.2	Q0	10151339	5	0.054691315	Run_1
B.2	Q0	17089597	6	0.054653514	Run_1
B.2	Q0	7148629	7	0.054569717	Run_1
B.2	Q0	18160914	8	0.054489288	Run_1
B.2	Q0	9436531	9	0.05439309	Run_1
B.2	Q0	6359587	10	0.054338936	Run_1
B.2	Q0	19552400	11	0.054284409	Run_1
B.2	Q0	26962617	12	0.054244708	Run_1
B.2	Q0	17253648	13	0.054189231	Run_1
B.2	Q0	1987368	14	0.054124065	Run_1
B.2	Q0	3216464	15	0.054082714	Run_1
B.2	Q0	6539063	16	0.05404472	Run_1
B.2	Q0	14790704	17	0.054025821	Run_1
B.2	Q0	28167550	18	0.054015774	Run_1
B.2	Q0	11131759	19	0.054000221	Run_1
B.2	Q0	17640943	20	0.053950194	Run_1
B.2	Q0	1974552	21	0.053898543	Run_1
B.2	Q0	19057756	22	0.053881302	Run_1
B.2	Q0	20352405	23	0.053818543	Run_1
B.2	Q0	8214860	24	0.05377068	Run_1
B.2	Q0	24992890	25	0.05375633	Run_1
B.16	Q0	13142876	1	0.202659205	Run_1
B.16	Q0	14251717	2	0.201656535	Run_1
B.16	Q0	9535079	3	0.200048909	Run_1
B.16	Q0	24151868	4	0.198343068	Run_1
B.16	Q0	26421303	5	0.19823733	Run_1
B.16	Q0	8506769	6	0.197728306	Run_1
B.16	Q0	17495788	7	0.197502807	Run_1
B.16	Q0	8837114	8	0.197237357	Run_1
B.16	Q0	23905230	9	0.197009638	Run_1
B.16	Q0	3299033	10	0.196948141	Run_1
B.16	Q0	9174706	11	0.196035802	Run_1
B.16	Q0	28246336	12	0.195805058	Run_1
B.16	Q0	9090024	13	0.195636645	Run_1
B.16	Q0	19608463	14	0.19542025	Run_1
B.16	Q0	14251722	15	0.195174783	Run_1
B.16	Q0	13096144	16	0.194832847	Run_1
B.16	Q0	13192204	17	0.194796488	Run_1
B.16	Q0	6219301	18	0.194744661	Run_1
B.16	Q0	3216464	19	0.194742993	Run_1
B.16	Q0	13340119	20	0.194671229	Run_1
B.16	Q0	3299046	21	0.194310337	Run_1
B.16	Q0	9387628	22	0.193853348	Run_1
B.16	Q0	28308237	23	0.193460912	Run_1
B.16	Q0	19960940	24	0.193260819	Run_1
B.16	Q0	15719399	25	0.192743883	Run_1
B.16	Q0	3635625	26	0.192273617	Run_1
B.16	Q0	14251719	27	0.192189828	Run_1
B.16	Q0	17125272	28	0.192092463	Run_1
B.16	Q0	10295634	29	0.191411108	Run_1
B.16	Q0	10295636	30	0.187848151	Run_1
B.16	Q0	13062589	31	0.18770656	Run_1
B.16	Q0	26048016	32	0.18740882	Run_1
B.16	Q0	27239725	33	0.187080592	Run_1
B.16	Q0	5620572	34	0.185924768	Run_1
B.16	Q0	14182959	35	0.185489208	Run_1
B.16	Q0	17580089	36	0.184022307	Run_1
B.16	Q0	25836904	37	0.182867602	Run_1
B.16	Q0	23905215	38	0.182714909	Run_1
B.16	Q0	4459245	39	0.181902573	Run_1
B.16	Q0	26135681	40	0.180370465	Run_1
B.16	Q0	19833931	41	0.179959029	Run_1
B.16	Q0	74026	42	0.175941646	Run_1
B.16	Q0	28286990	43	0.172440246	Run_1
B.16	Q0	3600200	44	0.172313109	Run_1
B.16	Q0	21338909	45	0.172154561	Run_1
B.16	Q0	13062613	46	0.171616107	Run_1
B.17	Q0	4143201	1	0.108937226	Run_1
B.17	Q0	4380326	2	0.108785406	Run_1
B.17	Q0	5866072	3	0.108588688	Run_1
B.17	Q0	5866060	4	0.108498886	Run_1
B.17	Q0	12593571	5	0.10832189	Run_1
B.17	Q0	18891819	6	0.108152613	Run_1
B.17	Q0	7472435	7	0.108146571	Run_1
B.17	Q0	19605152	8	0.107301161	Run_1
B.17	Q0	7465352	9	0.107178643	Run_1
B.17	Q0	13596610	10	0.106672391	Run_1
B.17	Q0	14727695	11	0.106220849	Run_1
B.17	Q0	2961835	12	0.106205799	Run_1
B.17	Q0	24190939	13	0.106067538	Run_1
B.17	Q0	23869359	14	0.105972052	Run_1
B.17	Q0	2887393	15	0.105894722	Run_1
B.17	Q0	14622559	16	0.105471551	Run_1
B.17	Q0	10625948	17	0.105403349	Run_1
B.17	Q0	11684801	18	0.105327018	Run_1
B.17	Q0	9813869	19	0.105152756	Run_1
B.17	Q0	6374391	20	0.10500928	Run_1
B.17	Q0	9226364	21	0.104919463	Run_1
B.17	Q0	21146239	22	0.104735918	Run_1
B.17	Q0	22318897	23	0.10465356	Run_1
B.17	Q0	20474316	24	0.104371168	Run_1
B.17	Q0	7807743	25	0.104316451	Run_1
B.17	Q0	8188373	26	0.096746758	Run_1
B.17	Q0	19179000	27	0.093830489	Run_1
B.17	Q0	26037750	28	0.093141235	Run_1